year,brand_name,generic_name,coverage_type,total_spending,beneficiary_count,unit_count,beneficiary_cost_share,total_annual_spending_per_user,average_cost_per_unit,average_annual_beneficiary_cost_share,claim_count,beneficiary_count_lis,beneficiary_count_no_lis,beneficiary_cost_share_lis,beneficiary_cost_share_no_lis,average_beneficiary_cost_share_lis,average_beneficiary_cost_share_no_lis,serialid
2010,Abilify,Aripiprazole,Part D,1225884700.75,338626,71848190,38186677.97,3620.17,17.06,,2296081,"287,370","51,256",6931345.55,31255332.42,24.12,609.79,1
2011,Abilify,Aripiprazole,Part D,1469590338.46,360670,77471756,33752894.08,4074.61,18.97,,2447867,"303,264","57,406",7000137.54,26752756.54,23.08,466.03,2
2012,Abilify,Aripiprazole,Part D,1758054142.51,376601,82161700,39700089.43,4668.21,21.40,,2572017,"310,592","66,009",6594393.26,33105696.17,21.23,501.53,3
2013,Abilify,Aripiprazole,Part D,2107091535.20,396764,86150300,46564692.85,5310.69,24.46,,2886837,"317,698","79,066",6872985.09,39691707.76,21.63,502.01,4
2014,Abilify,Aripiprazole,Part D,2527319031.60,405161,88198691,49598419.68,6237.83,28.65,,2964075,"326,791","78,369",6334112.63,43264307.05,19.38,552.06,5
2015,Abilify,Aripiprazole,Part D,1572428342.90,322582,47855047,32007792.27,4874.51,33.12,,1635610,"269,558","53,024",4447124.49,27560667.78,16.50,519.78,6
2010,Abraxane,Paclitaxel Protein-Bound,Part B,115553924.85,6811,12379531,22795393.66,16965.78,9.33,3346.85,54260,,,,,,,7
2011,Abraxane,Paclitaxel Protein-Bound,Part B,121389108.26,7660,12919123,24065171.49,15847.14,9.40,3141.67,55813,,,,,,,8
2012,Abraxane,Paclitaxel Protein-Bound,Part B,134128475.67,8392,14085125,26648986.33,15982.90,9.52,3175.52,60473,,,,,,,9
2013,Abraxane,Paclitaxel Protein-Bound,Part B,213007581.42,14091,22660310,42963406.52,15116.57,9.40,3049.00,97001,,,,,,,10
2014,Abraxane,Paclitaxel Protein-Bound,Part B,276345661.22,17733,29216874,55960035.18,15583.69,9.46,3155.70,124144,,,,,,,11
2015,Abraxane,Paclitaxel Protein-Bound,Part B,276806046.04,17828,28926899,55996088.14,15526.48,9.57,3140.91,122586,,,,,,,12
2011,Accuneb; Albuterol Sulfate,Albuterol Sulfate,Part B,28240515.90,537176,456213793,6990534.07,52.57,0.06,13.01,1882064,,,,,,,13
2012,Accuneb; Albuterol Sulfate,Albuterol Sulfate,Part B,26682309.50,558431,448605068,6725466.41,47.78,0.06,12.04,1897919,,,,,,,14
2013,Accuneb; Albuterol Sulfate,Albuterol Sulfate,Part B,21628071.81,581431,429548239,5492293.10,37.20,0.05,9.45,1868747,,,,,,,15
2014,Accuneb; Albuterol Sulfate,Albuterol Sulfate,Part B,18192615.72,532088,356184457,4710966.32,34.19,0.05,8.85,1652877,,,,,,,16
2015,Accuneb; Albuterol Sulfate,Albuterol Sulfate,Part B,20603232.72,516660,321038567,5253418.52,39.88,0.06,10.17,1553598,,,,,,,17
2010,Activase; Cathflo Activase,Alteplase,Part B,46674175.64,83767,1237941,9187747.76,557.19,37.70,109.68,158941,,,,,,,18
2011,Activase; Cathflo Activase,Alteplase,Part B,20666323.55,49739,519346,4004426.16,415.50,39.79,80.51,77025,,,,,,,19
2012,Activase; Cathflo Activase,Alteplase,Part B,25001727.44,53227,556287,4820331.01,469.72,44.94,90.56,81928,,,,,,,20
2013,Activase; Cathflo Activase,Alteplase,Part B,31015388.75,54041,591927,5933020.73,573.92,52.40,109.79,81040,,,,,,,21
2014,Activase; Cathflo Activase,Alteplase,Part B,38263515.60,56521,631241,7062091.26,676.98,60.62,124.95,85617,,,,,,,22
2010,Advair Diskus,Fluticasone/Salmeterol,Part D,1517126748.93,1402356,423148377,190818149.57,1081.84,3.59,,6112564,"745,678","656,678",15631281.70,175186867.87,20.96,266.78,23
2011,Advair Diskus,Fluticasone/Salmeterol,Part D,1664850499.63,1402391,436743044,167710436.38,1187.15,3.81,,6168093,"737,603","664,788",15136984.62,152573451.76,20.52,229.51,24
2012,Advair Diskus,Fluticasone/Salmeterol,Part D,1886310742.46,1424306,452555226,185236366.03,1324.37,4.17,,6288977,"736,590","687,716",14274536.91,170961829.12,19.38,248.59,25
2013,Advair Diskus,Fluticasone/Salmeterol,Part D,2262995220.95,1527217,492962520,215089558.15,1481.78,4.59,,6605423,"734,070","793,147",14686313.18,200403244.97,20.01,252.67,26
2014,Advair Diskus,Fluticasone/Salmeterol,Part D,2276374748.70,1420748,460372139,211936509.12,1602.24,4.94,,6094244,"668,600","752,148",12718030.25,199218478.87,19.02,264.87,27
2015,Advair Diskus,Fluticasone/Salmeterol,Part D,2270015725.80,1321483,430415878,218261609.54,1717.78,5.28,,5649301,"606,135","715,348",11914821.83,206346787.71,19.66,288.46,28
2011,Afinitor,Everolimus,Part D,45140530.91,1573,179682,2290729.94,28697.10,251.58,,6076,620,953,36885.89,2253844.05,59.49,2365.00,29
2012,Afinitor,Everolimus,Part D,125047872.35,4350,458159,6919732.48,28746.64,273.38,,15540,"1,604","2,746",101532.67,6818199.81,63.30,2482.96,30
2013,Afinitor,Everolimus,Part D,274841481.49,7568,943651,13820008.27,36316.26,291.60,,32123,"2,568","5,000",192593.45,13627414.82,75.00,2725.48,31
2014,Afinitor,Everolimus,Part D,353334367.46,8012,1042916,16148243.32,44100.64,339.04,,36073,"2,670","5,342",310546.31,15837697.01,116.31,2964.75,32
2015,Afinitor,Everolimus,Part D,393806655.94,7661,1036555,16743049.43,51404.08,380.05,,35964,"2,589","5,072",245952.99,16497096.44,95.00,3252.58,33
2010,Alimta,Pemetrexed Disodium,Part B,419754402.91,21241,8283988,80795227.63,19761.52,50.67,3803.74,88090,,,,,,,34
2011,Alimta,Pemetrexed Disodium,Part B,453320721.88,21868,8600055,86944312.17,20729.87,52.71,3975.87,92152,,,,,,,35
2012,Alimta,Pemetrexed Disodium,Part B,507965516.04,22581,9210514,96588675.35,22495.26,55.15,4277.43,97733,,,,,,,36
2013,Alimta,Pemetrexed Disodium,Part B,548196950.33,22968,9457534,104050477.00,23867.86,57.96,4530.24,100345,,,,,,,37
2014,Alimta,Pemetrexed Disodium,Part B,559204732.70,22993,9462662,106180684.54,24320.65,59.10,4617.96,100741,,,,,,,38
2015,Alimta,Pemetrexed Disodium,Part B,547767946.43,21948,9136375,103869835.89,24957.53,59.95,4732.54,97240,,,,,,,39
2010,Aranesp,Darbepoetin Alfa In Polysorbat,Part B,473515122.62,133626,164376683,96531332.37,3543.59,2.88,722.40,782384,,,,,,,40
2011,Aranesp,Darbepoetin Alfa In Polysorbat,Part B,410372191.78,108407,134253475,83782718.36,3785.48,3.06,772.85,639062,,,,,,,41
2012,Aranesp,Darbepoetin Alfa In Polysorbat,Part B,327865624.05,85291,100921281,66395768.87,3844.08,3.25,778.46,473175,,,,,,,42
2013,Aranesp,Darbepoetin Alfa In Polysorbat,Part B,289701941.62,70102,84972181,59387636.11,4132.58,3.41,847.16,391498,,,,,,,43
2014,Aranesp,Darbepoetin Alfa In Polysorbat,Part B,286785006.82,63295,78480960,58921395.39,4530.93,3.65,930.90,350527,,,,,,,44
2015,Aranesp,Darbepoetin Alfa In Polysorbat,Part B,294317556.42,58290,74651139,60298673.56,5049.19,3.94,1034.46,327047,,,,,,,45
2010,Atripla,Efavirenz/Emtricitab/Tenofovir,Part D,318330108.88,23982,6072415,9802051.13,13273.71,52.42,,195108,"20,715","3,267",1020125.97,8781925.16,49.25,2688.07,46
2011,Atripla,Efavirenz/Emtricitab/Tenofovir,Part D,391444042.35,26665,7067292,7801997.22,14680.07,55.39,,225063,"22,706","3,959",971010.06,6830987.16,42.76,1725.43,47
2012,Atripla,Efavirenz/Emtricitab/Tenofovir,Part D,467062762.12,28616,7813517,7922089.80,16321.73,59.78,,247169,"23,934","4,682",934058.33,6988031.47,39.03,1492.53,48
2013,Atripla,Efavirenz/Emtricitab/Tenofovir,Part D,529149208.07,29585,8285588,9017164.97,17885.73,63.86,,264284,"24,041","5,544",974581.72,8042583.25,40.54,1450.68,49
2014,Atripla,Efavirenz/Emtricitab/Tenofovir,Part D,577030155.94,29484,8400201,9441611.05,19570.96,68.69,,264074,"23,517","5,967",950099.62,8491511.43,40.40,1423.08,50
2015,Atripla,Efavirenz/Emtricitab/Tenofovir,Part D,589704409.32,28135,7989738,10930555.65,20959.82,73.81,,251097,"21,883","6,252",908788.99,10021766.66,41.53,1602.97,51
2010,Avastin,Bevacizumab,Part B,1082661401.78,161700,18840487,207422719.35,6695.49,57.46,1282.76,682482,,,,,,,52
2011,Avastin,Bevacizumab,Part B,991560850.50,174098,16483187,188037623.42,5695.42,60.16,1080.07,739600,,,,,,,53
2012,Avastin,Bevacizumab,Part B,1001202913.70,182292,16392600,188001468.28,5492.30,61.08,1031.32,769567,,,,,,,54
2013,Avastin,Bevacizumab,Part B,1035465712.43,187540,16397631,196101906.90,5521.31,63.15,1045.65,774012,,,,,,,55
2014,Avastin,Bevacizumab,Part B,1063835621.50,216357,16421928,201495178.87,4917.04,64.78,931.31,885129,,,,,,,56
2015,Avastin,Bevacizumab,Part B,1117896684.80,208450,16560637,210830164.97,5362.90,67.50,1011.42,881884,,,,,,,57
2010,Azacitidine; Vidaza,Azacitidine,Part B,170448196.87,7793,34261313,34140499.17,21871.96,4.97,4380.92,165372,,,,,,,58
2011,Azacitidine; Vidaza,Azacitidine,Part B,194879085.09,8245,37492185,39032141.24,23636.03,5.20,4734.04,179620,,,,,,,59
2012,Azacitidine; Vidaza,Azacitidine,Part B,208108143.30,8441,38922167,41662142.45,24654.44,5.35,4935.69,182010,,,,,,,60
2013,Azacitidine; Vidaza,Azacitidine,Part B,226683280.37,8641,40378979,45944671.53,26233.45,5.61,5317.05,185426,,,,,,,61
2014,Azacitidine; Vidaza,Azacitidine,Part B,194446522.59,8821,41906803,39577789.73,22043.59,4.64,4486.77,188122,,,,,,,62
2010,Brovana,Arformoterol Tartrate,Part B,76289907.77,47954,14880568,16114182.97,1590.90,5.13,336.03,248183,,,,,,,63
2011,Brovana,Arformoterol Tartrate,Part B,94000101.66,56096,17531898,19786130.95,1675.70,5.36,352.72,298228,,,,,,,64
2012,Brovana,Arformoterol Tartrate,Part B,110767212.19,63900,21077282,23253060.16,1733.45,5.26,363.90,358855,,,,,,,65
2013,Brovana,Arformoterol Tartrate,Part B,120778636.90,65358,22642274,25508997.34,1847.95,5.33,390.30,385161,,,,,,,66
2014,Brovana,Arformoterol Tartrate,Part B,148844291.83,68086,24183512,31735714.83,2186.12,6.15,466.11,409675,,,,,,,67
2015,Brovana,Arformoterol Tartrate,Part B,178698319.04,68624,24863249,37978671.58,2604.02,7.19,553.43,420853,,,,,,,68
2010,Capecitabine; Xeloda,Capecitabine,Part B,159119704.36,24813,7412837,32080326.23,6412.76,21.47,1292.88,99284,,,,,,,69
2011,Capecitabine; Xeloda,Capecitabine,Part B,197738868.68,27063,8360880,39858133.45,7306.61,23.65,1472.79,110836,,,,,,,70
2012,Capecitabine; Xeloda,Capecitabine,Part B,227628514.68,26913,8585174,45829437.39,8457.94,26.51,1702.87,113376,,,,,,,71
2013,Capecitabine; Xeloda,Capecitabine,Part B,255769558.78,26232,8427784,52100736.56,9750.29,30.35,1986.15,111021,,,,,,,72
2014,Capecitabine; Xeloda,Capecitabine,Part B,274454628.60,27052,8737998,56050968.50,10145.45,31.41,2071.97,114953,,,,,,,73
2010,Captopril,Captopril,Part D,6078264.44,128259,68261691,2213761.44,47.39,0.09,,807252,"47,773","80,486",355082.51,1858678.93,7.43,23.09,74
2011,Captopril,Captopril,Part D,5142139.89,112875,60529651,1837602.67,45.56,0.08,,689501,"41,445","71,430",308008.24,1529594.43,7.43,21.41,75
2012,Captopril,Captopril,Part D,4760534.71,100821,54329723,1606664.81,47.22,0.09,,597205,"35,918","64,903",235041.53,1371623.28,6.54,21.13,76
2013,Captopril,Captopril,Part D,9897303.92,93541,51026954,1797798.43,105.81,0.19,,535658,"31,389","62,152",206867.14,1590931.29,6.59,25.60,77
2014,Captopril,Captopril,Part D,37263265.91,82827,44776539,2869016.64,449.89,0.83,,458345,"27,536","55,291",209089.76,2659926.88,7.59,48.11,78
2011,Carbamazepine,Carbamazepine,Part D,20395759.47,171699,165515224,2759504.75,118.79,0.12,,1210226,"115,740","55,959",831908.22,1927596.53,7.19,34.45,79
2012,Carbamazepine,Carbamazepine,Part D,19705715.19,173852,168173919,2602743.68,113.35,0.11,,1206752,"115,283","58,569",607133.93,1995609.75,5.27,34.07,80
2013,Carbamazepine,Carbamazepine,Part D,20942159.09,176999,169240492,3368153.05,118.32,0.12,,1204939,"112,908","64,091",624404.26,2743748.79,5.53,42.81,81
2014,Carbamazepine,Carbamazepine,Part D,41034011.87,179333,167052340,4711542.58,228.81,0.27,,1184254,"112,379","66,954",632243.65,4079298.93,5.63,60.93,82
2015,Carbamazepine,Carbamazepine,Part D,89715055.84,172550,163454815,6997812.84,519.94,0.64,,1149167,"107,018","65,532",723874.87,6273937.97,6.76,95.74,83
2011,Chlorpromazine HCl,Chlorpromazine HCl,Part D,10249617.30,51144,20038490,623612.59,200.41,0.57,,300265,"35,771","15,373",233184.50,390428.09,6.52,25.40,84
2012,Chlorpromazine HCl,Chlorpromazine HCl,Part D,30460362.98,52722,20555058,873249.56,577.75,1.57,,309685,"37,032","15,690",232407.80,640841.76,6.28,40.84,85
2013,Chlorpromazine HCl,Chlorpromazine HCl,Part D,36083680.58,54316,21091848,1138926.20,664.33,1.86,,319548,"36,916","17,400",253021.75,885904.45,6.85,50.91,86
2014,Chlorpromazine HCl,Chlorpromazine HCl,Part D,51404988.61,53946,20934599,1401891.84,952.90,2.57,,317852,"36,550","17,396",271923.75,1129968.09,7.44,64.96,87
2015,Chlorpromazine HCl,Chlorpromazine HCl,Part D,112990177.30,51416,20038972,1992287.19,2197.57,5.68,,307169,"35,326","16,090",314613.77,1677673.42,8.91,104.27,88
2011,Cimzia,Certolizumab Pegol,Part B,0.00,0,0,0.00,0.00,0.00,,0,,,,,,,89
2012,Cimzia,Certolizumab Pegol,Part B,0.00,0,0,0.00,0.00,0.00,,0,,,,,,,90
2013,Cimzia,Certolizumab Pegol,Part B,0.00,0,0,0.00,0.00,0.00,,0,,,,,,,91
2014,Cimzia,Certolizumab Pegol,Part B,118529854.06,7470,19877707,24197177.50,15867.45,5.96,3239.25,52637,,,,,,,92
2015,Cimzia,Certolizumab Pegol,Part B,174852794.64,9983,28264701,35746112.88,17515.06,6.19,3580.70,74184,,,,,,,93
2010,Clobetasol Propionate,Clobetasol Propionate,Part D,30486488.87,533223,60339763,5725155.89,57.17,0.51,,1058357,"173,213","360,010",495675.10,5229480.79,2.86,14.53,94
2011,Clobetasol Propionate,Clobetasol Propionate,Part D,34179667.13,617494,70106157,7121173.31,55.35,0.49,,1220897,"196,951","420,543",584596.30,6536577.01,2.97,15.54,95
2012,Clobetasol Propionate,Clobetasol Propionate,Part D,52608801.68,733820,83758728,9378773.38,71.69,0.63,,1458856,"223,922","509,898",627766.55,8751006.83,2.80,17.16,96
2013,Clobetasol Propionate,Clobetasol Propionate,Part D,66093381.52,901571,102956251,11756927.98,73.31,0.64,,1782971,"252,342","649,229",715038.56,11041889.42,2.83,17.01,97
2014,Clobetasol Propionate,Clobetasol Propionate,Part D,167415145.68,998143,111203886,17805093.26,167.73,1.51,,1954141,"276,155","721,988",861483.92,16943609.34,3.12,23.47,98
2015,Clobetasol Propionate,Clobetasol Propionate,Part D,389702537.25,998291,110239727,32509814.75,390.37,3.56,,1948301,"288,827","709,464",1159992.15,31349822.60,4.02,44.19,99
2010,Clomipramine Hcl,Clomipramine HCL,Part D,3270307.44,16223,9893239,375288.20,201.58,0.33,,130220,"11,421","4,802",99463.24,275824.96,8.71,57.44,100
2011,Clomipramine Hcl,Clomipramine HCL,Part D,3351112.07,16906,10221515,385473.14,198.22,0.33,,133707,"11,750","5,156",104406.68,281066.46,8.89,54.51,101
2012,Clomipramine Hcl,Clomipramine HCL,Part D,4214074.36,17662,10620615,417480.18,238.60,0.40,,138409,"11,926","5,736",83976.80,333503.38,7.04,58.14,102
2013,Clomipramine Hcl,Clomipramine HCL,Part D,42219895.53,18726,10734827,1249266.40,2254.61,3.93,,142166,"12,231","6,495",115064.44,1134201.96,9.41,174.63,103
2014,Clomipramine Hcl,Clomipramine HCL,Part D,79334397.90,17991,9892402,2277563.80,4409.67,8.02,,135792,"11,939","6,052",155361.60,2122202.20,13.01,350.66,104
2010,Copaxone,Glatiramer Acetate,Part D,539431248.38,20732,180294,34307225.81,26019.26,2991.95,,170077,"13,384","7,348",1452682.38,32854543.43,108.54,4471.22,105
2011,Copaxone,Glatiramer Acetate,Part D,707725488.16,22730,198162,29469278.14,31136.19,3571.45,,188801,"14,315","8,415",1549507.90,27919770.24,108.24,3317.86,106
2012,Copaxone,Glatiramer Acetate,Part D,911468903.08,25119,219621,37139562.18,36286.03,4150.19,,208429,"14,914","10,205",1441856.29,35697705.89,96.68,3498.06,107
2013,Copaxone,Glatiramer Acetate,Part D,1120491044.47,27424,237828,44745979.03,40858.05,4711.35,,224167,"14,691","12,733",1387658.85,43358320.18,94.46,3405.19,108
2014,Copaxone,Glatiramer Acetate,Part D,1221108238.27,26851,2098371,46550783.63,45477.20,581.93,,226053,"13,889","12,962",1364973.96,45185809.67,98.28,3486.02,109
2015,Copaxone,Glatiramer Acetate,Part D,1382386514.70,27621,4593630,53060126.50,50048.39,347.72,,237976,"13,777","13,844",1415994.55,51644131.95,102.78,3730.43,110
2010,Crestor,Rosuvastatin Calcium,Part D,1095642475.30,1304004,273737394,234501376.88,840.21,4.00,,7020059,"525,720","778,284",15061248.47,219440128.41,28.65,281.95,111
2011,Crestor,Rosuvastatin Calcium,Part D,1416308475.75,1496093,318713195,252626448.32,946.67,4.44,,7826825,"601,499","894,594",15449270.92,237177177.40,25.68,265.12,112
2012,Crestor,Rosuvastatin Calcium,Part D,1789822134.97,1598181,361025786,286693327.01,1119.91,4.96,,8624570,"626,244","971,937",15743573.50,270949753.51,25.14,278.77,113
2013,Crestor,Rosuvastatin Calcium,Part D,2216193162.02,1732787,401733323,347673799.55,1278.98,5.52,,9066409,"615,437","1,117,350",16207465.22,331466334.33,26.33,296.65,114
2014,Crestor,Rosuvastatin Calcium,Part D,2543786425.72,1752704,419224451,370196109.42,1451.35,6.07,,9073952,"602,684","1,150,020",15148645.58,355047463.84,25.14,308.73,115
2015,Crestor,Rosuvastatin Calcium,Part D,2883122484.30,1733071,416825307,388902182.11,1663.59,6.92,,8712212,"591,352","1,141,719",14359539.57,374542642.54,24.28,328.05,116
2010,Cubicin,Daptomycin,Part B,50076782.31,15070,116742317,10035603.28,3322.95,0.43,665.93,111103,,,,,,,117
2011,Cubicin,Daptomycin,Part B,55564488.29,14842,118933626,11128348.27,3743.73,0.47,749.79,116680,,,,,,,118
2012,Cubicin,Daptomycin,Part B,71449685.82,16137,137945568,14305914.43,4427.69,0.52,886.53,134128,,,,,,,119
2013,Cubicin,Daptomycin,Part B,80129721.34,16391,138225065,16243208.68,4888.64,0.58,990.98,130881,,,,,,,120
2014,Cubicin,Daptomycin,Part B,91580070.34,15926,142106378,18617769.77,5750.35,0.64,1169.02,127456,,,,,,,121
2010,Cyanocobalamin Injection,Cyanocobalamin (Vitamin B-12),Part B,1039890.46,658528,3050927,267447.16,1.58,0.34,0.41,2925989,,,,,,,122
2011,Cyanocobalamin Injection,Cyanocobalamin (Vitamin B-12),Part B,1084689.44,641776,2771896,274701.47,1.69,0.39,0.43,2746049,,,,,,,123
2012,Cyanocobalamin Injection,Cyanocobalamin (Vitamin B-12),Part B,1563550.50,665385,2859409,422964.92,2.35,0.55,0.64,2834337,,,,,,,124
2013,Cyanocobalamin Injection,Cyanocobalamin (Vitamin B-12),Part B,3042836.26,637994,2624647,722922.00,4.77,1.16,1.13,2608082,,,,,,,125
2014,Cyanocobalamin Injection,Cyanocobalamin (Vitamin B-12),Part B,4822427.48,583190,2334618,1286268.93,8.27,2.07,2.21,2322568,,,,,,,126
2015,Cyanocobalamin Injection,Cyanocobalamin (Vitamin B-12),Part B,6925115.17,574137,2407487,1848165.27,12.06,2.88,3.22,2362550,,,,,,,127
2010,Cyclophosphamide,Cyclophosphamide,Part B,1352432.82,8873,276366,275398.22,152.42,4.89,31.04,32668,,,,,,,128
2011,Cyclophosphamide,Cyclophosphamide,Part B,11239015.70,24880,1176462,2269314.30,451.73,9.55,91.21,104111,,,,,,,129
2012,Cyclophosphamide,Cyclophosphamide,Part B,32839100.90,37997,1806669,6544882.22,864.26,18.18,172.25,149092,,,,,,,130
2013,Cyclophosphamide,Cyclophosphamide,Part B,56781593.04,35439,1705237,11355994.31,1602.23,33.30,320.44,137298,,,,,,,131
2014,Cyclophosphamide,Cyclophosphamide,Part B,91168573.76,33812,1632441,18141631.65,2696.34,55.85,536.54,131804,,,,,,,132
2011,Depo-Medrol; Methylprednisolone Acetate,Methylprednisolone Acetate (40 mg),Part B,6704791.43,1111678,2429842,1608729.06,6.03,2.76,1.45,1744358,,,,,,,133
2011,Depo-Medrol; Methylprednisolone Acetate,Methylprednisolone Acetate (80 mg),Part B,11934480.39,930012,1725593,2953262.49,12.83,6.92,3.18,1479686,,,,,,,134
2012,Depo-Medrol; Methylprednisolone Acetate,Methylprednisolone Acetate (40 mg),Part B,8600267.16,1130094,2473934,1963677.41,7.61,3.48,1.74,1776387,,,,,,,135
2012,Depo-Medrol; Methylprednisolone Acetate,Methylprednisolone Acetate (80 mg),Part B,11742655.45,941573,1746709,2825408.55,12.47,6.72,3.00,1493839,,,,,,,136
2013,Depo-Medrol; Methylprednisolone Acetate,Methylprednisolone Acetate (40 mg),Part B,7207699.77,1156814,2548134,1712457.93,6.23,2.83,1.48,1819315,,,,,,,137
2013,Depo-Medrol; Methylprednisolone Acetate,Methylprednisolone Acetate (80 mg),Part B,9588031.53,948765,1749149,2380400.63,10.11,5.48,2.51,1502461,,,,,,,138
2014,Depo-Medrol; Methylprednisolone Acetate,Methylprednisolone Acetate (40 mg),Part B,7850545.94,1195941,2662791,1843239.16,6.56,2.95,1.54,1884795,,,,,,,139
2014,Depo-Medrol; Methylprednisolone Acetate,Methylprednisolone Acetate (80 mg),Part B,9789453.89,948837,1736534,2399379.70,10.32,5.64,2.53,1493685,,,,,,,140
2015,Depo-Medrol; Methylprednisolone Acetate,Methylprednisolone Acetate (40 mg),Part B,9771021.51,1235507,2777903,2300318.61,7.91,3.52,1.86,1946239,,,,,,,141
2015,Depo-Medrol; Methylprednisolone Acetate,Methylprednisolone Acetate (80 mg),Part B,11505875.14,962804,1762809,2808975.11,11.95,6.53,2.92,1513229,,,,,,,142
2010,Digoxin; Digox,Digoxin,Part D,45462414.77,951246,232774838,21166826.38,47.79,0.20,,5737447,"357,244","594,002",2552018.21,18614808.17,7.14,31.34,143
2011,Digoxin; Digox,Digoxin,Part D,43505751.60,940100,233728278,20438043.11,46.28,0.19,,5517264,"342,351","597,749",2490718.93,17947324.18,7.28,30.02,144
2012,Digoxin; Digox,Digoxin,Part D,41814747.34,935413,242698333,19951716.89,44.70,0.17,,5332229,"326,013","609,400",2068365.48,17883351.41,6.34,29.35,145
2013,Digoxin; Digox,Digoxin,Part D,57286197.65,962220,242789803,21519798.13,59.54,0.24,,5299296,"304,677","657,543",1955043.35,19564754.78,6.42,29.75,146
2014,Digoxin; Digox,Digoxin,Part D,217958706.40,916472,232082170,38977521.11,237.82,0.94,,5024757,"281,216","635,256",2157732.34,36819788.77,7.67,57.96,147
2010,Divalproex Sodium ER,Divalproex Sodium,Part D,146614698.35,234906,126490417,5997739.46,624.14,1.16,,1735526,"194,364","40,542",1543587.04,4454152.42,7.94,109.87,148
2011,Divalproex Sodium ER,Divalproex Sodium,Part D,106544349.42,245288,133709303,4873618.07,434.36,0.80,,1812685,"199,831","45,457",1558232.26,3315385.81,7.80,72.93,149
2012,Divalproex Sodium ER,Divalproex Sodium,Part D,72850517.42,256994,140185770,4218988.10,283.47,0.52,,1884052,"205,268","51,726",1303755.32,2915232.78,6.35,56.36,150
2013,Divalproex Sodium ER,Divalproex Sodium,Part D,199833755.26,270049,146083452,6581443.49,739.99,1.37,,1955453,"207,884","62,165",1471952.19,5109491.30,7.08,82.19,151
2014,Divalproex Sodium ER,Divalproex Sodium,Part D,357176774.84,275739,147563209,10773299.14,1295.34,2.42,,1986710,"209,973","65,766",1777414.44,8995884.70,8.46,136.79,152
2010,Doxazosin Mesylate,Doxazosin Mesylate,Part D,38521092.22,557354,154508337,14758243.55,69.11,0.25,,3186568,"171,260","386,094",1309957.17,13448286.38,7.65,34.83,153
2011,Doxazosin Mesylate,Doxazosin Mesylate,Part D,34704421.00,549485,158301360,14011181.47,63.16,0.22,,3093061,"166,455","383,030",1292871.74,12718309.73,7.77,33.20,154
2012,Doxazosin Mesylate,Doxazosin Mesylate,Part D,33317546.91,559879,163184400,14116228.83,59.51,0.20,,3044357,"164,564","395,315",1117785.96,12998442.87,6.79,32.88,155
2013,Doxazosin Mesylate,Doxazosin Mesylate,Part D,53569875.64,600253,180004107,16363566.58,89.25,0.30,,3169928,"161,373","438,880",1148810.67,15214755.91,7.12,34.67,156
2014,Doxazosin Mesylate,Doxazosin Mesylate,Part D,102415256.03,599375,181545024,23522590.16,170.87,0.56,,3125479,"156,930","442,445",1184266.96,22338323.20,7.55,50.49,157
2010,Duloxetine HCl,Duloxetine HCl,Part D,0.00,0,0,0.00,0.00,0.00,,0,0,0,0.00,0.00,0.00,0.00,158
2011,Duloxetine HCl,Duloxetine HCl,Part D,0.00,0,0,0.00,0.00,0.00,,0,0,0,0.00,0.00,0.00,0.00,159
2012,Duloxetine HCl,Duloxetine HCl,Part D,0.00,0,0,0.00,0.00,0.00,,0,0,0,0.00,0.00,0.00,0.00,160
2013,Duloxetine HCl,Duloxetine HCl,Part D,45703055.39,167851,8104818,3376036.82,272.28,5.64,,177853,"98,439","69,412",117909.51,3258127.31,1.20,46.94,161
2014,Duloxetine HCl,Duloxetine HCl,Part D,1426877758.40,1161079,316724503,142168816.11,1228.92,4.51,,7047482,"579,615","581,464",7510091.73,134658724.38,12.96,231.59,162
2011,Econazole Nitrate,Econazole Nitrate,Part D,10931858.70,215607,25441648,1581795.48,50.70,0.43,,396012,"100,106","115,501",214141.98,1367653.50,2.14,11.84,163
2012,Econazole Nitrate,Econazole Nitrate,Part D,12485749.10,243819,29176005,1893059.36,51.21,0.43,,451157,"106,848","136,971",197299.81,1695759.55,1.85,12.38,164
2013,Econazole Nitrate,Econazole Nitrate,Part D,13164470.41,282964,34234864,2269086.55,46.52,0.38,,523109,"113,361","169,603",216140.68,2052945.87,1.91,12.10,165
2014,Econazole Nitrate,Econazole Nitrate,Part D,31536692.26,296420,35962914,3279623.82,106.39,0.88,,544049,"116,200","180,220",238856.39,3040767.43,2.06,16.87,166
2015,Econazole Nitrate,Econazole Nitrate,Part D,118587924.55,289022,35990735,5101333.81,410.31,3.29,,541506,"117,504","171,518",279451.65,4821882.16,2.38,28.11,167
2011,Enalapril Maleate,Enalapril Maleate,Part D,52043483.63,865289,306994153,17477854.42,60.15,0.17,,5222191,"341,263","524,026",2684910.00,14792944.42,7.87,28.23,168
2012,Enalapril Maleate,Enalapril Maleate,Part D,48791323.29,853835,308893650,17026957.76,57.14,0.16,,5036076,"323,238","530,597",2257225.71,14769732.05,6.98,27.84,169
2013,Enalapril Maleate,Enalapril Maleate,Part D,51003219.71,875538,324064252,16862422.23,58.25,0.16,,5005683,"306,204","569,334",2028277.83,14834144.40,6.62,26.06,170
2014,Enalapril Maleate,Enalapril Maleate,Part D,64310273.82,850132,318729049,18259916.20,75.65,0.20,,4707485,"289,926","560,206",1851966.94,16407949.26,6.39,29.29,171
2015,Enalapril Maleate,Enalapril Maleate,Part D,124592961.97,798422,300536172,23267509.15,156.05,0.41,,4324008,"271,906","526,516",1798112.83,21469396.32,6.61,40.78,172
2010,Enbrel,Etanercept,Part D,490185066.98,35666,1270390,39981496.11,13743.76,385.85,,257291,"20,434","15,232",1199176.42,38782319.69,58.69,2546.11,173
2011,Enbrel,Etanercept,Part D,567325003.09,38814,1331765,29662048.67,14616.50,425.99,,276299,"21,786","17,028",1041975.27,28620073.40,47.83,1680.77,174
2012,Enbrel,Etanercept,Part D,722314079.12,42912,1495328,35246702.60,16832.45,483.05,,307825,"23,168","19,744",1006277.22,34240425.38,43.43,1734.22,175
2013,Enbrel,Etanercept,Part D,977046788.56,50570,1751598,39062998.38,19320.68,557.80,,354298,"24,623","25,947",1100106.17,37962892.21,44.68,1463.09,176
2014,Enbrel,Etanercept,Part D,1198397787.78,53459,1849495,45299112.47,22417.14,647.96,,375300,"25,559","27,900",1091806.58,44207305.89,42.72,1584.49,177
2015,Enbrel,Etanercept,Part D,1385143654.70,51081,1783930,41803044.76,27116.61,792.87,,365654,"25,341","25,740",864542.83,40938501.93,34.12,1590.46,178
2010,Epogen; Procrit,Epoetin alfa,Part B,402821635.20,147018,42261500,83059348.62,2739.95,9.53,564.96,1185446,,,,,,,179
2011,Epogen; Procrit,Epoetin alfa,Part B,339170306.51,125839,34903944,70040535.77,2695.27,9.72,556.59,991279,,,,,,,180
2012,Epogen; Procrit,Epoetin alfa,Part B,295824811.54,113768,30555848,60511800.77,2600.25,9.68,531.89,851573,,,,,,,181
2013,Epogen; Procrit,Epoetin alfa,Part B,309656384.46,105020,29321836,64172156.74,2948.55,10.56,611.05,803998,,,,,,,182
2014,Epogen; Procrit,Epoetin Alfa,Part B,303550323.94,95774,26951893,62873741.65,3169.44,11.26,656.48,731690,,,,,,,183
2010,Erbitux,Cetuximab,Part B,251886539.95,10295,5114367,50248774.86,24466.88,49.25,4880.89,89534,,,,,,,184
2011,Erbitux,Cetuximab,Part B,256666630.25,10266,5130013,51157976.08,25001.62,50.03,4983.24,87466,,,,,,,185
2012,Erbitux,Cetuximab,Part B,268736172.15,10271,5341354,53575610.24,26164.56,50.31,5216.20,88235,,,,,,,186
2013,Erbitux,Cetuximab,Part B,261116486.98,9678,5071919,52713813.04,26980.42,51.48,5446.77,81284,,,,,,,187
2014,Erbitux,Cetuximab,Part B,257845777.54,9474,4957519,52265908.32,27216.15,52.01,5516.77,78911,,,,,,,188
2015,Erbitux,Cetuximab,Part B,244141565.76,8800,4656194,49539607.43,27743.36,52.43,5629.50,72447,,,,,,,189
2010,Eylea,Aflibercept,Part B,0.00,0,0,0.00,0.00,0.00,0.00,0,,,,,,,190
2011,Eylea,Aflibercept,Part B,0.00,0,0,0.00,0.00,0.00,0.00,0,,,,,,,191
2012,Eylea,Aflibercept,Part B,0.00,0,0,0.00,0.00,0.00,0.00,0,,,,,,,192
2013,Eylea,Aflibercept,Part B,1079555056.08,108470,1118258,218162783.13,9952.57,965.39,2011.27,518836,,,,,,,193
2014,Eylea,Aflibercept,Part B,1295189434.49,132511,1345094,263976678.53,9774.20,962.90,1992.11,625239,,,,,,,194
2015,Eylea,Aflibercept,Part B,1813496828.10,180020,1883471,369502754.24,10073.86,962.85,2052.57,866749,,,,,,,195
2010,Faslodex,Fulvestrant,Part B,72740186.87,12000,885786,14679680.19,6061.68,82.12,1223.31,73131,,,,,,,196
2011,Faslodex,Fulvestrant,Part B,125729727.97,13487,1497237,25238715.69,9322.29,83.97,1871.34,85549,,,,,,,197
2012,Faslodex,Fulvestrant,Part B,152683035.66,14365,1777825,30651431.13,10628.82,85.88,2133.76,94551,,,,,,,198
2013,Faslodex,Fulvestrant,Part B,163533764.39,14420,1862045,33226531.14,11340.76,87.82,2304.20,96427,,,,,,,199
2014,Faslodex,Fulvestrant,Part B,172864427.14,14554,1938944,35224736.96,11877.45,89.15,2420.28,99107,,,,,,,200
2015,Faslodex,Fulvestrant,Part B,186300193.19,15240,2053656,38031917.83,12224.42,90.72,2495.53,103788,,,,,,,201
2011,Forteo,Teriparatide,Part D,215035307.84,34928,495096,16264993.93,6156.53,434.35,,185732,"18,264","16,664",479147.14,15785846.79,26.23,947.30,202
2012,Forteo,Teriparatide,Part D,245185241.08,35131,507259,19667332.88,6979.17,483.35,,187833,"16,890","18,241",433877.21,19233455.67,25.69,1054.41,203
2013,Forteo,Teriparatide,Part D,306569920.95,39289,566831,21829431.69,7802.95,540.85,,206641,"16,604","22,685",388438.13,21440993.56,23.39,945.16,204
2014,Forteo,Teriparatide,Part D,357780915.48,39588,560517,24259887.74,9037.61,638.30,,208246,"16,320","23,268",478868.24,23781019.50,29.34,1022.05,205
2015,Forteo,Teriparatide,Part D,430210943.90,35902,523433,24772448.59,11982.92,821.90,,194855,"14,836","21,066",410014.38,24362434.21,27.64,1156.48,206
2010,Gammagard Liquid,Immun Glob G (IGG)/Gly/Iga 50+,Part B,159478595.30,9531,4202432,31119727.67,16732.62,37.95,3265.11,52889,,,,,,,207
2011,Gammagard Liquid,Immun Glob G (IGG)/Gly/Iga 50+,Part B,199454367.95,11158,5256665,39114407.38,17875.46,37.94,3505.50,68165,,,,,,,208
2012,Gammagard Liquid,Immun Glob G (IGG)/Gly/Iga 50+,Part B,217836222.51,11745,5620711,42888462.01,18547.15,38.76,3651.64,72892,,,,,,,209
2013,Gammagard Liquid,Immun Glob G (IGG)/Gly/Iga 50+,Part B,221747163.79,11286,5709821,44290930.20,19647.99,38.84,3924.41,73150,,,,,,,210
2014,Gammagard Liquid,Immun Glob G (IGG)/Gly/Iga 50+,Part B,253620046.42,12144,6377113,50902926.19,20884.39,39.77,4191.61,81030,,,,,,,211
2015,Gammagard Liquid,Immun Glob G (IGG)/Gly/Iga 50+,Part B,264248240.72,11713,6692264,53281399.21,22560.25,39.49,4548.91,82782,,,,,,,212
2010,Gammaked; Gamunex; Gamunex-C,Immun Glob G (IGG)/Gly/Iga 50+,Part B,140521598.87,7745,3792558,27368491.80,18143.52,37.05,3533.70,45350,,,,,,,213
2011,Gammaked; Gamunex; Gamunex-C,Immun Glob G (IGG)/Gly/Iga 50+,Part B,164763469.37,7857,4414363,32159816.84,20970.28,37.32,4093.14,52134,,,,,,,214
2012,Gammaked; Gamunex; Gamunex-C,Immun Glob G (IGG)/Gly/Iga 50+,Part B,198652390.87,8780,5282237,38946026.62,22625.56,37.61,4435.77,59943,,,,,,,215
2013,Gammaked; Gamunex; Gamunex-C,Immun Glob G (IGG)/Gly/Iga 50+,Part B,216718743.66,9303,5621417,42917879.17,23295.58,38.55,4613.34,64554,,,,,,,216
2014,Gammaked; Gamunex; Gamunex-C,Immun Glob G (IGG)/Gly/Iga 50+,Part B,246043363.25,9583,6249256,48986186.12,25674.98,39.37,5111.78,69705,,,,,,,217
2015,Gammaked; Gamunex; Gamunex-C,Immun Glob G (IGG)/Gly/Iga 50+,Part B,288619653.82,10485,7306699,57754702.86,27526.91,39.50,5508.32,79711,,,,,,,218
2011,Gemcitabine HCl; Gemzar,Gemcitabine HCl,Part B,269828219.85,44743,2399752,53963667.83,6030.62,112.44,1206.08,277293,,,,,,,219
2012,Gemcitabine HCl; Gemzar,Gemcitabine HCl,Part B,76237740.06,44796,2431748,15286600.54,1701.89,31.35,341.25,276296,,,,,,,220
2013,Gemcitabine HCl; Gemzar,Gemcitabine HCl,Part B,19026257.81,42998,2372731,3892511.73,442.49,8.02,90.53,264975,,,,,,,221
2014,Gemcitabine HCl; Gemzar,Gemcitabine HCl,Part B,8523009.20,22456,1257361,1765488.25,379.54,6.78,78.62,160320,,,,,,,222
2015,Gemcitabine HCl; Gemzar,Gemcitabine HCl,Part B,8837377.77,20021,1104691,1832649.31,441.41,8.00,91.54,140589,,,,,,,223
2010,Gleevec,Imatinib Mesylate,Part D,386517287.33,10588,4167976,29368190.68,36505.22,92.74,,83196,"4,464","6,124",565254.04,28802936.64,126.63,4703.29,224
2011,Gleevec,Imatinib Mesylate,Part D,483395344.12,11105,4307168,23840943.98,43529.52,112.23,,88296,"4,557","6,548",485268.14,23355675.84,106.49,3566.84,225
2012,Gleevec,Imatinib Mesylate,Part D,601652852.54,11769,4576921,27445662.60,51121.83,131.45,,94855,"4,730","7,039",492622.08,26953040.52,104.15,3829.10,226
2013,Gleevec,Imatinib Mesylate,Part D,779575541.87,13684,5243004,32568722.32,56969.86,148.69,,110658,"4,877","8,807",484190.16,32084532.16,99.28,3643.07,227
2014,Gleevec,Imatinib Mesylate,Part D,995836211.55,14388,5534594,37726863.34,69212.97,179.93,,118319,"5,022","9,366",547253.38,37179609.96,108.97,3969.64,228
2015,Gleevec,Imatinib Mesylate,Part D,1232939891.30,15193,5779512,44710918.91,81151.84,262.78,,125076,"5,206","9,987",580301.41,44130617.50,111.47,4418.81,229
2010,Glucagen; Glucagon Emergency Kit,"Glucagon,human Recombinant",Part B,5340319.76,54028,64758,1091095.44,98.84,82.47,20.19,57386,,,,,,,230
2011,Glucagen; Glucagon Emergency Kit,"Glucagon,human Recombinant",Part B,5942182.94,51256,61290,1207958.35,115.93,96.95,23.57,54449,,,,,,,231
2012,Glucagen; Glucagon Emergency Kit,"Glucagon,human Recombinant",Part B,6706840.48,51676,61855,1364462.11,129.79,108.43,26.40,55075,,,,,,,232
2013,Glucagen; Glucagon Emergency Kit,"Glucagon,human Recombinant",Part B,7623514.12,53482,64025,1569161.09,142.54,119.07,29.34,56802,,,,,,,233
2014,Glucagen; Glucagon Emergency Kit,"Glucagon,human Recombinant",Part B,8624803.36,53168,63725,1787240.11,162.22,135.34,33.61,56496,,,,,,,234
2015,Glucagen; Glucagon Emergency Kit,"Glucagon,human Recombinant",Part B,10395862.08,51201,61757,2154384.87,203.04,168.33,42.08,53796,,,,,,,235
2011,Glumetza,Metformin HCl,Part D,7075487.88,6064,1555042,1175865.11,1166.80,4.74,,21962,"2,351","3,713",48546.83,1127318.28,20.65,303.61,236
2012,Glumetza,Metformin HCl,Part D,15267622.69,8107,2490710,1861557.88,1883.26,6.42,,31518,"2,875","5,232",60797.90,1800759.98,21.15,344.18,237
2013,Glumetza,Metformin HCl,Part D,28038035.76,11458,3988444,2784456.01,2447.03,7.34,,43403,"3,087","8,371",63732.01,2720724.00,20.65,325.02,238
2014,Glumetza,Metformin HCl,Part D,34286811.31,11982,4403097,2954125.29,2861.53,8.17,,46484,"3,409","8,573",67175.13,2886950.16,19.71,336.75,239
2015,Glumetza,Metformin HCl,Part D,152976713.76,10994,4111551,3329838.87,13914.56,39.10,,42491,"3,488","7,506",59172.53,3270666.34,16.96,435.74,240
2011,H.P. Acthar,Corticotropin,Part D,49456910.88,853,9325,1171213.51,57979.97,5303.69,,1471,530,323,22948.59,1148264.92,43.30,3555.00,241
2012,H.P. Acthar,Corticotropin,Part D,141451607.58,1583,23665,3949978.76,89356.67,5977.25,,3387,907,676,126998.53,3822980.23,140.02,5655.30,242
2013,H.P. Acthar,Corticotropin,Part D,262581602.41,2431,42637,7074964.89,108013.82,6158.54,,6752,"1,296","1,135",117729.25,6957235.64,90.84,6129.72,243
2014,H.P. Acthar,Corticotropin,Part D,391189652.63,2932,60204,9497283.91,133420.75,6497.74,,9611,"1,592","1,340",336121.98,9161161.93,211.13,6836.69,244
2015,H.P. Acthar,Corticotropin,Part D,503999371.37,3104,73820,11520768.07,162370.93,6827.41,,11209,"1,696","1,408",246598.08,11274169.99,145.40,8007.22,245
2010,Harvoni,Ledipasvir/Sofosbuvir,Part D,0.00,0,0,0.00,0.00,0.00,,0,0,0,0.00,0.00,0.00,0.00,246
2011,Harvoni,Ledipasvir/Sofosbuvir,Part D,0.00,0,0,0.00,0.00,0.00,,0,0,0,0.00,0.00,0.00,0.00,247
2012,Harvoni,Ledipasvir/Sofosbuvir,Part D,0.00,0,0,0.00,0.00,0.00,,0,0,0,0.00,0.00,0.00,0.00,248
2013,Harvoni,Ledipasvir/Sofosbuvir,Part D,0.00,0,0,0.00,0.00,0.00,,0,0,0,0.00,0.00,0.00,0.00,249
2014,Harvoni,Ledipasvir/Sofosbuvir,Part D,699892572.27,11718,612518,16288447.13,59727.99,1142.65,,21799,"7,619","4,099",217217.26,16071229.87,28.51,3920.77,250
2015,Harvoni,Ledipasvir/Sofosbuvir,Part D,7030633485.80,75723,6237573,147344284.85,92846.74,1127.14,,225792,"49,700","26,023",4293571.75,143050713.10,86.39,5497.09,251
2010,Herceptin,Trastuzumab,Part B,359060824.67,13984,5435478,71471880.91,25676.55,66.06,5110.98,160174,,,,,,,252
2011,Herceptin,Trastuzumab,Part B,402138805.05,14887,5736500,79918442.64,27012.75,70.10,5368.34,163332,,,,,,,253
2012,Herceptin,Trastuzumab,Part B,466831023.84,16227,6324518,92775618.71,28768.78,73.81,5717.36,171609,,,,,,,254
2013,Herceptin,Trastuzumab,Part B,502675587.74,17225,6518452,100037472.29,29182.91,77.12,5807.69,169207,,,,,,,255
2014,Herceptin,Trastuzumab,Part B,560661666.26,18476,6994748,110327234.34,30345.40,80.15,5971.38,175613,,,,,,,256
2015,Herceptin,Trastuzumab,Part B,643506875.89,19939,7609961,125285686.58,32273.78,84.56,6283.45,183933,,,,,,,257
2010,Hizentra,Immun Glob G(IGG)/Pro/Iga 0-50,Part B,0.00,0,0,0.00,0.00,0.00,0.00,0,,,,,,,258
2011,Hizentra,Immun Glob G(IGG)/Pro/Iga 0-50,Part B,101337825.40,2208,7069045,20274753.45,45895.75,14.34,9182.41,22682,,,,,,,259
2012,Hizentra,Immun Glob G(IGG)/Pro/Iga 0-50,Part B,132200696.89,2516,9239033,26466491.10,52544.00,14.31,10519.27,28026,,,,,,,260
2013,Hizentra,Immun Glob G(IGG)/Pro/Iga 0-50,Part B,141381753.10,2725,9978465,28642649.53,51883.21,14.17,10511.06,29622,,,,,,,261
2014,Hizentra,Immun Glob G(IGG)/Pro/Iga 0-50,Part B,162394541.59,2976,11508811,33034854.52,54568.06,14.11,11100.42,32120,,,,,,,262
2015,Hizentra,Immun Glob G(IGG)/Pro/Iga 0-50,Part B,180809729.02,3252,12811607,36782992.77,55599.55,14.11,11310.88,34644,,,,,,,263
2010,Humira,Adalimumab,Part D,405044145.14,29188,493552,24464242.66,13877.08,820.67,,200461,"19,412","9,776",956775.77,23507466.89,49.29,2404.61,264
2011,Humira,Adalimumab,Part D,513090759.27,33324,568641,19309749.36,15397.03,902.31,,233004,"21,979","11,345",834493.66,18475255.70,37.97,1628.49,265
2012,Humira,Adalimumab,Part D,674609130.28,37855,663156,24150164.50,17820.87,1017.27,,267139,"24,114","13,741",889731.54,23260432.96,36.90,1692.78,266
2013,Humira,Adalimumab,Part D,955331810.70,46448,828674,29456455.44,20567.77,1152.84,,325242,"26,628","19,820",957280.79,28499174.65,35.95,1437.90,267
2014,Humira,Adalimumab,Part D,1239853884.21,51557,931166,34774570.43,24048.22,1331.51,,362301,"28,988","22,569",921518.06,33853052.37,31.79,1499.98,268
2015,Humira; Humira Pen,Adalimumab,Part D,1662291827.20,56777,1027064,39129729.78,29277.56,1618.48,,401034,"32,678","24,099",855210.90,38274518.88,26.17,1588.22,269
2011,Hydroxychloroquine Sulfate,Hydroxychloroquine Sulfate,Part D,30999564.71,236678,94632616,7589984.42,130.98,0.33,,1256129,"90,994","145,684",733251.65,6856732.77,8.06,47.07,270
2012,Hydroxychloroquine Sulfate,Hydroxychloroquine Sulfate,Part D,31866928.47,267768,108381686,8649186.50,119.01,0.29,,1394169,"99,200","168,568",733072.60,7916113.90,7.39,46.96,271
2013,Hydroxychloroquine Sulfate,Hydroxychloroquine Sulfate,Part D,35410724.94,316124,129272132,9895324.75,112.02,0.27,,1592744,"107,788","208,336",789704.51,9105620.24,7.33,43.71,272
2014,Hydroxychloroquine Sulfate,Hydroxychloroquine Sulfate,Part D,62648672.49,349925,141875782,12466988.21,179.03,0.44,,1725115,"116,649","233,276",841517.37,11625470.84,7.21,49.84,273
2015,Hydroxychloroquine Sulfate,Hydroxychloroquine Sulfate,Part D,318791992.99,376823,153003353,25628451.71,846.00,2.08,,1854218,"123,556","253,267",1192339.14,24436112.57,9.65,96.48,274
2011,Imbruvica,Ibrutinib,Part D,0.00,0,0,0.00,0.00,0.00,,0,,,,,,,275
2012,Imbruvica,Ibrutinib,Part D,0.00,0,0,0.00,0.00,0.00,,0,,,,,,,276
2013,Imbruvica,Ibrutinib,Part D,4137724.82,330,44359,414655.14,12538.56,93.28,,412,57,273,178.70,414476.44,3.14,1518.23,277
2014,Imbruvica,Ibrutinib,Part D,266744335.26,6180,2788606,16178672.37,43162.51,95.66,,29892,"1,099","5,081",129251.42,16049420.95,117.61,3158.71,278
2015,Imbruvica,Ibrutinib,Part D,590946241.88,10250,5686561,32912301.83,57653.29,103.92,,64168,"1,776","8,474",295087.90,32617213.93,166.15,3849.09,279
2010,Invega Sustenna,Paliperidone Palmitate,Part D,83357872.84,13055,82148,584468.28,6385.13,1014.73,,75905,"12,704",351,209884.70,374583.58,16.52,1067.19,280
2011,Invega Sustenna,Paliperidone Palmitate,Part D,186221395.73,21941,171947,933120.07,8487.37,1083.01,,155347,"21,315",626,399288.39,533831.68,18.73,852.77,281
2012,Invega Sustenna,Paliperidone Palmitate,Part D,300278140.68,29890,261887,1499488.40,10046.11,1146.60,,229598,"29,018",872,601906.78,897581.62,20.74,1029.34,282
2013,Invega Sustenna,Paliperidone Palmitate,Part D,424315673.55,38061,351939,2257005.18,11148.31,1205.65,,303093,"36,750","1,311",851938.27,1405066.91,23.18,1071.75,283
2014,Invega Sustenna,Paliperidone Palmitate,Part D,540403968.98,43399,424436,2519703.54,12451.99,1273.23,,360049,"41,983","1,416",952605.76,1567097.78,22.69,1106.71,284
2015,Invega Sustenna,Paliperidone Palmitate,Part D,662757174.22,50497,489100,3017704.78,13124.68,1354.81,,410181,"48,898","1,599",1089363.43,1928341.35,22.28,1205.97,285
2010,Isentress,Raltegravir Potassium,Part D,187994425.13,24977,11857166,4818071.52,7526.70,15.85,,193186,"21,145","3,832",463611.23,4354460.29,21.93,1136.34,286
2011,Isentress,Raltegravir Potassium,Part D,254121822.76,30560,15379354,4546549.20,8315.50,16.52,,248995,"25,464","5,096",562256.31,3984292.89,22.08,781.85,287
2012,Isentress,Raltegravir Potassium,Part D,322607271.67,35455,18482369,4434365.91,9099.06,17.45,,297420,"29,063","6,392",504717.06,3929648.85,17.37,614.78,288
2013,Isentress,Raltegravir Potassium,Part D,377797182.79,39132,20754930,5192292.93,9654.43,18.20,,338249,"31,354","7,778",556653.21,4635639.72,17.75,595.99,289
2014,Isentress,Raltegravir Potassium,Part D,402900253.82,39533,21097312,5674384.60,10191.49,19.10,,339586,"31,145","8,388",586099.18,5088285.42,18.82,606.61,290
2015,Isentress,Raltegravir Potassium,Part D,396644958.84,36900,19583080,5962664.33,10749.19,20.29,,316800,"28,459","8,441",533352.74,5429311.59,18.74,643.21,291
2010,Januvia,Sitagliptin Phosphate,Part D,560980681.51,423549,88852585,81288223.52,1324.48,6.31,,2372421,"221,324","202,225",6059593.64,75228629.88,27.38,372.00,292
2011,Januvia,Sitagliptin Phosphate,Part D,790656169.19,540196,115570404,85468249.36,1463.65,6.84,,2968889,"278,387","261,809",7165524.92,78302724.44,25.74,299.08,293
2012,Januvia,Sitagliptin Phosphate,Part D,1113009200.05,666578,149650138,116869974.56,1669.74,7.44,,3766164,"334,315","332,263",8431666.72,108438307.84,25.22,326.36,294
2013,Januvia,Sitagliptin Phosphate,Part D,1460522983.89,761776,174157217,139453509.09,1917.26,8.39,,4358783,"357,736","404,040",9071990.53,130381518.56,25.36,322.69,295
2014,Januvia,Sitagliptin Phosphate,Part D,1775295532.62,789934,183579143,156513130.02,2247.40,9.67,,4496501,"369,719","420,215",8826674.88,147686455.14,23.87,351.45,296
2015,Januvia,Sitagliptin Phosphate,Part D,2131952445.80,828818,193044993,179049767.91,2572.28,11.05,,4623600,"388,535","440,283",9111834.58,169937933.33,23.45,385.97,297
2011,Kyprolis,Carfilzomib,Part B,0.00,0,0,0.00,0.00,0.00,,0,,,,,,,298
2012,Kyprolis,Carfilzomib,Part B,0.00,0,0,0.00,0.00,0.00,,0,,,,,,,299
2013,Kyprolis,Carfilzomib,Part B,0.00,0,0,0.00,0.00,0.00,,0,,,,,,,300
2014,Kyprolis,Carfilzomib,Part B,158981412.55,4270,5478743,32327048.35,37232.18,29.02,7570.74,74868,,,,,,,301
2015,Kyprolis,Carfilzomib,Part B,227881075.22,5563,7582694,46319681.28,40963.70,30.05,8326.39,100305,,,,,,,302
2010,Lantus,"Insulin Glargine,Hum.Rec.Anlog",Part D,843173810.48,875642,86152105,125137812.77,962.92,9.79,,5050035,"529,473","346,169",11479562.56,113658250.21,21.68,328.33,303
2011,Lantus,"Insulin Glargine,Hum.Rec.Anlog",Part D,918040251.73,877114,88218854,106432265.87,1046.66,10.41,,5031809,"528,775","348,339",11213907.44,95218358.43,21.21,273.35,304
2012,Lantus,"Insulin Glargine,Hum.Rec.Anlog",Part D,1092176448.85,856785,86897580,117838377.09,1274.74,12.57,,4842282,"508,236","348,549",10179480.35,107658896.74,20.03,308.88,305
2013,Lantus,"Insulin Glargine,Hum.Rec.Anlog",Part D,1311093861.36,838393,85659232,129101707.49,1563.82,15.31,,4601857,"467,439","370,954",9882655.89,119219051.60,21.14,321.39,306
2014,Lantus,"Insulin Glargine,Hum.Rec.Anlog",Part D,1725595628.80,787204,80207645,144306997.22,2192.06,21.51,,4284694,"431,979","355,225",9571669.75,134735327.47,22.16,379.30,307
2010,Lantus Solostar,"Insulin Glargine,Hum.Rec.Anlog",Part D,334675472.54,336948,27178215,52719731.24,993.26,12.31,,1390670,"176,363","160,585",3723698.58,48996032.66,21.11,305.11,308
2011,Lantus Solostar,"Insulin Glargine,Hum.Rec.Anlog",Part D,548984016.33,490571,41979050,67155830.50,1119.07,13.08,,2105932,"256,413","234,158",5461792.73,61694037.77,21.30,263.47,309
2012,Lantus Solostar,"Insulin Glargine,Hum.Rec.Anlog",Part D,852975055.40,659175,58928450,103436434.00,1294.00,14.47,,2931350,"336,062","323,113",7039447.44,96396986.56,20.95,298.34,310
2013,Lantus Solostar,"Insulin Glargine,Hum.Rec.Anlog",Part D,1371996460.66,862887,80268076,153686946.90,1590.01,17.09,,3863847,"401,389","461,498",9129307.59,144557639.31,22.74,313.24,311
2014,Lantus Solostar,"Insulin Glargine,Hum.Rec.Anlog",Part D,2016972756.51,973018,92786715,204953012.76,2072.90,21.74,,4442309,"447,359","525,659",10722288.98,194230723.78,23.97,369.50,312
2015,Lantus; Lantus Solostar,"Insulin Glargine,Hum.Rec.Anlog",Part D,4359504167.00,1673911,175635997,391061781.22,2604.38,24.83,,8855330,"820,845","853,066",20787921.15,370273860.07,25.33,434.05,313
2010,Letairis,Ambrisentan,Part D,121247604.61,2827,644039,8232660.86,42889.14,188.26,,21451,"1,254","1,573",178547.15,8054113.71,142.38,5120.22,314
2011,Letairis,Ambrisentan,Part D,166507915.48,3782,851168,7662183.71,44026.42,195.62,,28332,"1,677","2,105",235848.34,7426335.37,140.64,3527.95,315
2012,Letairis,Ambrisentan,Part D,237108817.08,4789,1136171,10509084.37,49511.13,208.69,,37663,"2,126","2,663",274500.77,10234583.60,129.12,3843.25,316
2013,Letairis,Ambrisentan,Part D,330257596.82,6040,1486233,13561585.61,54678.41,222.21,,49128,"2,490","3,550",300853.99,13260731.62,120.82,3735.42,317
2014,Letairis,Ambrisentan,Part D,396586842.88,6566,1674225,14961141.47,60400.07,236.88,,55082,"2,762","3,804",325329.19,14635812.28,117.79,3847.48,318
2015,Letairis,Ambrisentan,Part D,463087773.22,7147,1832855,16982209.72,64794.71,252.66,,60484,"3,015","4,132",380141.00,16602068.72,126.08,4017.93,319
2010,Levulan,Aminolevulinic Acid HCl,Part B,11721096.75,50036,87880,2600956.07,234.25,133.38,51.98,75921,,,,,,,320
2011,Levulan,Aminolevulinic Acid HCl,Part B,15134986.02,60167,104415,3359308.59,251.55,144.95,55.83,90967,,,,,,,321
2012,Levulan,Aminolevulinic Acid HCl,Part B,19403352.76,72617,125185,4170248.70,267.20,155.00,57.43,109308,,,,,,,322
2013,Levulan,Aminolevulinic Acid HCl,Part B,22957503.71,81206,140423,5009602.97,282.71,163.49,61.69,121579,,,,,,,323
2014,Levulan,Aminolevulinic Acid HCl,Part B,35284381.51,85955,150342,7625866.94,410.50,234.69,88.72,130447,,,,,,,324
2010,Lucentis,Ranibizumab,Part B,1173443419.09,115053,2912883,235459793.00,10199.16,402.85,2046.53,559012,,,,,,,325
2011,Lucentis,Ranibizumab,Part B,1427995770.36,132433,3531795,286537261.47,10782.78,404.33,2163.64,671869,,,,,,,326
2012,Lucentis,Ranibizumab,Part B,1268139093.42,135259,3175185,254337602.52,9375.64,399.39,1880.37,605711,,,,,,,327
2013,Lucentis,Ranibizumab,Part B,1352411992.67,143516,3445948,274633508.45,9423.42,392.46,1913.61,678511,,,,,,,328
2014,Lucentis,Ranibizumab,Part B,1331252582.94,141606,3412380,271419525.61,9401.10,390.12,1916.72,674456,,,,,,,329
2015,Lucentis,Ranibizumab,Part B,1150132914.70,119657,2969980,234403466.42,9611.92,387.25,1958.96,573796,,,,,,,330
2010,Lyrica,Pregabalin,Part D,515822889.34,563352,213391665,74257938.83,915.63,2.42,,3022661,"347,048","216,304",8019369.92,66238568.91,23.11,306.23,331
2011,Lyrica,Pregabalin,Part D,627132583.61,592992,234318966,69448366.60,1057.57,2.68,,3246115,"362,748","230,244",8550571.97,60897794.63,23.57,264.49,332
2012,Lyrica,Pregabalin,Part D,767435441.86,615951,253199771,81941363.88,1245.94,3.03,,3440466,"366,722","249,229",8402318.27,73539045.61,22.91,295.07,333
2013,Lyrica,Pregabalin,Part D,1073704899.18,738891,300655095,104986219.11,1453.13,3.57,,4111085,"410,137","328,754",9548145.90,95438073.21,23.28,290.30,334
2014,Lyrica,Pregabalin,Part D,1404488159.74,791187,327999529,122982180.38,1775.17,4.28,,4487076,"440,557","350,630",9957977.14,113024203.24,22.60,322.35,335
2015,Lyrica,Pregabalin,Part D,1766473720.00,826143,346841241,141204352.11,2138.22,5.10,,4732710,"471,178","354,965",10864623.49,130339728.62,23.06,367.19,336
2011,Mitomycin,Mitomycin,Part B,4495907.10,19535,219918,914456.78,230.15,20.44,46.81,37430,,,,,,,337
2012,Mitomycin,Mitomycin,Part B,4339677.02,20519,227422,882062.93,211.50,19.08,42.99,38092,,,,,,,338
2013,Mitomycin,Mitomycin,Part B,5743801.56,21507,246289,1181420.37,267.07,23.32,54.93,39344,,,,,,,339
2014,Mitomycin,Mitomycin,Part B,5855218.49,21592,265272,1204668.26,271.18,22.07,55.79,40932,,,,,,,340
2015,Mitomycin,Mitomycin,Part B,15768475.85,20903,271533,3239316.22,754.36,58.07,154.97,39613,,,,,,,341
2010,Namenda,Memantine HCl,Part D,927489676.85,724125,307593455,182932088.04,1280.84,3.02,,5127682,"374,283","349,842",9765925.54,173166162.50,26.09,494.98,342
2011,Namenda,Memantine HCl,Part D,1095522571.07,742257,326482030,148891580.87,1475.93,3.36,,5316132,"377,668","364,589",9226108.22,139665472.65,24.43,383.08,343
2012,Namenda,Memantine HCl,Part D,1327416589.75,757604,345816185,165716946.80,1752.12,3.84,,5425470,"373,548","384,056",8291297.34,157425649.46,22.20,409.90,344
2013,Namenda,Memantine HCl,Part D,1564775425.81,798714,347981806,184388007.34,1959.12,4.50,,6878399,"367,404","431,310",8569585.23,175818422.11,23.32,407.64,345
2014,Namenda,Memantine HCl,Part D,1375513421.03,722050,271104556,155620336.55,1905.01,5.07,,5240372,"331,200","390,850",6795366.57,148824969.98,20.52,380.77,346
2010,Neulasta,Pegfilgrastim,Part B,833990773.04,96365,345267,166755738.27,8654.50,2415.50,1730.46,334518,,,,,,,347
2011,Neulasta,Pegfilgrastim,Part B,972009437.32,101957,371677,194308285.06,9533.52,2615.20,1905.79,359129,,,,,,,348
2012,Neulasta,Pegfilgrastim,Part B,1060046676.17,103396,380209,211828013.31,10252.30,2788.06,2048.71,365011,,,,,,,349
2013,Neulasta,Pegfilgrastim,Part B,1098433150.41,100804,371056,222082855.00,10896.72,2960.29,2203.12,355862,,,,,,,350
2014,Neulasta,Pegfilgrastim,Part B,1173794492.59,98519,358909,238138627.74,11914.40,3270.45,2417.18,343347,,,,,,,351
2015,Neulasta,Pegfilgrastim,Part B,1259962338.90,96562,354833,254440949.84,13048.22,3550.86,2635.00,339032,,,,,,,352
2010,Nexium,Esomeprazole Magnesium,Part D,1858740955.98,1556034,332477792,197065250.60,1194.54,5.59,,8488726,"949,768","606,266",24982823.48,172082427.12,26.30,283.84,353
2011,Nexium,Esomeprazole Magnesium,Part D,1970128431.09,1516292,334304155,170651290.51,1299.31,5.89,,8223984,"959,465","556,827",23730069.38,146921221.13,24.73,263.85,354
2012,Nexium,Esomeprazole Magnesium,Part D,2124302856.29,1434214,337755641,178883786.31,1481.16,6.29,,7912220,"866,303","567,911",20627810.78,158255975.53,23.81,278.66,355
2013,Nexium,Esomeprazole Magnesium,Part D,2526306068.56,1484011,360049470,200041970.74,1702.35,7.02,,8192362,"833,933","650,078",19885808.24,180156162.50,23.85,277.13,356
2014,Nexium,Esomeprazole Magnesium,Part D,2660421777.37,1405799,340404485,169788270.55,1892.46,7.82,,7538790,"795,701","610,098",17249020.38,152539250.17,21.68,250.02,357
2015,Nexium,Esomeprazole Magnesium,Part D,2012920919.50,1127946,251491701,99965484.52,1784.59,8.01,,5471140,"704,238","423,708",9947779.77,90017704.75,14.13,212.45,358
2011,Octagam,Immun Glob G(IGG)/Malt/Iga 50+,Part B,7202802.68,475,140142,1392428.46,15163.80,51.40,2931.43,1814,,,,,,,359
2012,Octagam,Immun Glob G(IGG)/Malt/Iga 50+,Part B,54419967.05,4107,1461018,10833253.06,13250.54,37.25,2637.75,20811,,,,,,,360
2013,Octagam,Immun Glob G(IGG)/Malt/Iga 50+,Part B,88845372.76,6512,2852990,17980366.45,13643.33,31.14,2761.11,40032,,,,,,,361
2014,Octagam,Immun Glob G(IGG)/Malt/Iga 50+,Part B,88435887.09,6385,2752324,17919870.59,13850.57,32.13,2806.56,37710,,,,,,,362
2015,Octagam,Immun Glob G(IGG)/Malt/Iga 50+,Part B,165659329.58,8147,4227072,33470152.59,20333.78,39.19,4108.28,56168,,,,,,,363
2010,Olysio,Simeprevir Sodium,Part D,0.00,0,0,0.00,0.00,0.00,,0,0,0,0.00,0.00,0.00,0.00,364
2011,Olysio,Simeprevir Sodium,Part D,0.00,0,0,0.00,0.00,0.00,,0,0,0,0.00,0.00,0.00,0.00,365
2012,Olysio,Simeprevir Sodium,Part D,0.00,0,0,0.00,0.00,0.00,,0,0,0,0.00,0.00,0.00,0.00,366
2013,Olysio,Simeprevir Sodium,Part D,1571232.83,65,1988,33864.07,24172.81,790.36,,65,37,28,33.80,33830.27,0.91,1208.22,367
2014,Olysio,Simeprevir Sodium,Part D,833253318.73,12646,1035249,14984704.90,65890.66,804.88,,36946,"7,877","4,769",311872.21,14672832.69,39.59,3076.71,368
2010,Orencia,Abatacept; Abatacept/Maltose,Part B,218043950.33,18284,11027764,44038290.48,11925.40,19.77,2408.57,146292,,,,,,,369
2011,Orencia,Abatacept; Abatacept/Maltose,Part B,251984210.31,19775,12170520,50874807.03,12742.56,20.70,2572.68,161144,,,,,,,370
2012,Orencia,Abatacept; Abatacept/Maltose,Part B,272917705.52,20619,12599596,54946394.44,13236.22,21.66,2664.84,166786,,,,,,,371
2013,Orencia,Abatacept; Abatacept/Maltose,Part B,290457890.90,20802,12969404,59242369.13,13962.98,22.40,2847.92,171332,,,,,,,372
2014,Orencia,Abatacept; Abatacept/Maltose,Part B,342183172.43,20147,12536347,69911177.14,16984.32,27.30,3470.05,166300,,,,,,,373
2015,Orencia,Abatacept; Abatacept/Maltose,Part B,452295188.23,21179,13163900,92528101.82,21355.83,34.36,4368.86,175215,,,,,,,374
2011,Pennsaid,Diclofenac Sodium,Part D,4232527.46,14322,4019662,516748.17,295.53,1.05,,21382,"8,128","6,194",47916.72,468831.45,5.90,75.69,375
2012,Pennsaid,Diclofenac Sodium,Part D,16436788.89,46871,14480374,1922754.11,350.68,1.14,,78694,"23,125","23,746",160794.65,1761959.46,6.95,74.20,376
2013,Pennsaid,Diclofenac Sodium,Part D,10742126.29,20902,7391193,992662.12,513.93,1.45,,39061,"10,426","10,476",77166.52,915495.60,7.40,87.39,377
2014,Pennsaid,Diclofenac Sodium,Part D,7485538.55,13678,4170093,712351.44,547.27,1.82,,24614,"6,437","7,241",43024.73,669326.71,6.68,92.44,378
2015,Pennsaid,Diclofenac Sodium,Part D,34647375.24,12804,3051652,680763.10,2705.98,11.53,,23506,"6,342","6,462",37319.75,643443.35,5.88,99.57,379
2010,Perforomist,Formoterol Fumarate,Part B,40143407.22,28423,8649840,8466333.24,1412.36,4.64,297.87,145479,,,,,,,380
2011,Perforomist,Formoterol Fumarate,Part B,47622607.16,31558,10072377,10097210.56,1509.05,4.73,319.96,169474,,,,,,,381
2012,Perforomist,Formoterol Fumarate,Part B,54257433.85,31687,10758166,11405218.46,1712.29,5.04,359.93,180799,,,,,,,382
2013,Perforomist,Formoterol Fumarate,Part B,62533673.24,30315,10760804,13156571.40,2062.80,5.81,434.00,180067,,,,,,,383
2014,Perforomist,Formoterol Fumarate,Part B,68528578.16,28204,10192138,14584815.82,2429.75,6.72,517.12,170546,,,,,,,384
2015,Perforomist,Formoterol Fumarate,Part B,79657563.39,27481,9809784,16819429.98,2898.64,8.12,612.04,164368,,,,,,,385
2010,Prednisolone Acetate,Prednisolone Acetate,Part D,13098126.12,604469,8585930,4686389.87,21.67,1.53,,1033271,"220,387","384,082",475941.09,4210448.78,2.16,10.96,386
2011,Prednisolone Acetate,Prednisolone Acetate,Part D,26891955.28,1046933,14478064,8753433.64,25.69,1.86,,1756470,"336,164","710,769",807369.97,7946063.67,2.40,11.18,387
2012,Prednisolone Acetate,Prednisolone Acetate,Part D,31248711.35,1200356,16564381,10815932.18,26.03,1.89,,2035023,"360,156","840,200",837842.63,9978089.55,2.33,11.88,388
2013,Prednisolone Acetate,Prednisolone Acetate,Part D,58184831.09,1399861,19150854,14791687.34,41.56,3.04,,2388999,"378,016","1,021,845",1035743.82,13755943.52,2.74,13.46,389
2014,Prednisolone Acetate,Prednisolone Acetate,Part D,159572405.97,1468915,19744965,24017325.19,108.63,8.08,,2538652,"387,328","1,081,587",1268385.98,22748939.21,3.27,21.03,390
2011,Prevnar 13,Pneumococcal 13-Valent Vaccine,Part B,630784.32,5958,6333,0.00,105.87,99.60,,6331,,,,,,,391
2012,Prevnar 13,Pneumococcal 13-Valent Vaccine,Part B,5846813.25,43526,44402,0.00,134.33,131.68,,44373,,,,,,,392
2013,Prevnar 13,Pneumococcal 13-Valent Vaccine,Part B,19138940.59,138586,140948,0.00,138.10,135.79,,140770,,,,,,,393
2014,Prevnar 13,Pneumococcal 13-Valent Vaccine,Part B,104295423.59,721707,726031,0.00,144.51,143.65,,725843,,,,,,,394
2015,Prevnar 13,Pneumococcal 13-Valent Vaccine,Part B,914629739.39,5698568,5759895,0.00,160.50,158.79,,5748219,,,,,,,395
2010,Prezista,Darunavir Ethanolate,Part D,139977663.04,18974,8790504,3295314.44,7377.34,15.92,,143295,"16,415","2,559",366333.92,2928980.52,22.32,1144.58,396
2011,Prezista,Darunavir Ethanolate,Part D,197717167.10,24615,11909413,2948313.89,8032.39,16.60,,193240,"21,106","3,509",435437.74,2512876.15,20.63,716.12,397
2012,Prezista,Darunavir Ethanolate,Part D,261411910.88,29427,14825955,2838529.28,8883.40,17.63,,239880,"24,998","4,429",414255.58,2424273.70,16.57,547.36,398
2013,Prezista,Darunavir Ethanolate,Part D,326796836.20,34535,13124915,3699260.75,9462.77,24.90,,289830,"28,855","5,680",495243.59,3204017.16,17.16,564.09,399
2014,Prezista,Darunavir Ethanolate,Part D,393062758.53,38057,13624339,4275799.98,10328.26,28.85,,324561,"31,595","6,462",544580.31,3731219.67,17.24,577.41,400
2015,Prezista,Darunavir Ethanolate,Part D,412709302.14,38312,13110870,4782243.19,10772.32,35.51,,321009,"31,518","6,794",574573.66,4207669.53,18.23,619.32,401
2010,Privigen,Immun Glob G(IGG)/Pro/Iga 0-50,Part B,74973285.76,4806,2138130,14412633.98,15599.93,35.06,2998.88,24482,,,,,,,402
2011,Privigen,Immun Glob G(IGG)/Pro/Iga 0-50,Part B,115637184.42,6572,3334497,22701885.41,17595.43,34.68,3454.33,38340,,,,,,,403
2012,Privigen,Immun Glob G(IGG)/Pro/Iga 0-50,Part B,147000417.82,8346,4273836,28622219.86,17613.28,34.40,3429.45,47363,,,,,,,404
2013,Privigen,Immun Glob G(IGG)/Pro/Iga 0-50,Part B,165381405.20,8435,4626807,32737373.40,19606.57,35.74,3881.13,50005,,,,,,,405
2014,Privigen,Immun Glob G(IGG)/Pro/Iga 0-50,Part B,189641089.87,9336,5223729,37817585.85,20312.88,36.30,4050.73,57611,,,,,,,406
2015,Privigen,Immun Glob G(IGG)/Pro/Iga 0-50,Part B,207708573.56,9673,5612426,41641460.10,21473.03,37.01,4304.92,62616,,,,,,,407
2010,Prolia; Xgeva,Denosumab,Part B,0.00,0,0,0.00,0.00,0.00,0.00,0,,,,,,,408
2011,Prolia; Xgeva,Denosumab,Part B,0.00,0,0,0.00,0.00,0.00,0.00,0,,,,,,,409
2012,Prolia; Xgeva,Denosumab,Part B,484421486.25,158858,33736246,96891963.43,3049.40,14.36,609.93,374150,,,,,,,410
2013,Prolia; Xgeva,Denosumab,Part B,631091673.31,229162,45099134,129058150.26,2753.91,13.99,563.17,518243,,,,,,,411
2014,Prolia; Xgeva,Denosumab,Part B,767348546.46,294936,54337459,157587692.19,2601.75,14.12,534.31,645230,,,,,,,412
2015,Prolia; Xgeva,Denosumab,Part B,916068304.72,357121,62421713,188028167.53,2565.15,14.68,526.51,759776,,,,,,,413
2011,Propranolol HCl,Propranolol HCl,Part D,21176327.45,322958,149074658,6386853.28,65.57,0.16,,1748984,"149,295","173,663",1057191.22,5329662.06,7.08,30.69,414
2012,Propranolol HCl,Propranolol HCl,Part D,19452908.15,333944,157473120,6068124.78,58.25,0.13,,1784422,"153,016","180,928",921958.35,5146166.43,6.03,28.44,415
2013,Propranolol HCl,Propranolol HCl,Part D,20504188.91,369271,175024097,6510862.24,55.53,0.12,,1926653,"159,382","209,889",988892.46,5521969.78,6.20,26.31,416
2014,Propranolol HCl,Propranolol HCl,Part D,20335879.48,392195,185871045,6844565.86,51.85,0.11,,2007474,"165,796","226,399",946664.33,5897829.53,5.71,26.05,417
2015,Propranolol HCl,Propranolol HCl,Part D,48826711.18,419329,197846745,10115772.71,116.44,0.25,,2115226,"174,784","244,545",1050541.04,9065231.67,6.01,37.07,418
2010,Provenge,Sipuleucel-T/Lactated Ringers,Part B,0.00,0,0,0.00,0.00,0.00,0.00,0,,,,,,,419
2011,Provenge,Sipuleucel-T/Lactated Ringers,Part B,89930906.50,1121,2737,12486971.73,80223.82,32857.47,11139.14,2620,,,,,,,420
2012,Provenge,Sipuleucel-T/Lactated Ringers,Part B,218482585.98,2484,6666,33078417.68,87955.95,32775.67,13316.59,6393,,,,,,,421
2013,Provenge,Sipuleucel-T/Lactated Ringers,Part B,178822808.26,2069,5536,28445335.85,86429.58,32301.81,13748.35,5355,,,,,,,422
2014,Provenge,Sipuleucel-T/Lactated Ringers,Part B,173560758.24,1913,5125,27801374.19,90727.00,33865.51,14532.87,4955,,,,,,,423
2015,Provenge,Sipuleucel-T/Lactated Ringers,Part B,170854604.29,1793,4853,27109186.21,95289.80,35205.98,15119.46,4721,,,,,,,424
2010,Rapamune; Sirolimus,Sirolimus,Part B,49952516.76,8993,5097759,10191197.99,5554.60,9.80,1133.24,64485,,,,,,,425
2011,Rapamune; Sirolimus,Sirolimus,Part B,48840777.49,8636,4652484,10002237.33,5655.49,10.50,1158.20,65106,,,,,,,426
2012,Rapamune; Sirolimus,Sirolimus,Part B,47348666.69,8416,4237246,9679429.34,5626.03,11.17,1150.12,63972,,,,,,,427
2013,Rapamune; Sirolimus,Sirolimus,Part B,47972381.64,8022,3862683,9908635.98,5980.10,12.42,1235.18,62209,,,,,,,428
2014,Rapamune; Sirolimus,Sirolimus,Part B,52843561.42,7692,3571903,10932574.95,6869.94,14.79,1421.29,60678,,,,,,,429
2010,Remicade,Infliximab,Part B,873822111.01,57672,14933826,175240821.78,15151.58,58.51,3038.58,330166,,,,,,,430
2011,Remicade,Infliximab,Part B,930763940.85,58402,15289235,186657579.74,15937.19,60.88,3196.08,334376,,,,,,,431
2012,Remicade,Infliximab,Part B,1003041901.92,59360,15805038,200686891.08,16897.61,63.46,3380.84,341475,,,,,,,432
2013,Remicade,Infliximab,Part B,1097733065.54,60091,16358087,221743309.52,18267.84,67.11,3690.13,347676,,,,,,,433
2014,Remicade,Infliximab,Part B,1172607401.57,59748,16586908,237141973.63,19625.89,70.69,3969.04,347717,,,,,,,434
2015,Remicade,Infliximab,Part B,1242943447.00,58713,16527250,251280173.45,21169.82,75.21,4279.80,341214,,,,,,,435
2010,Remodulin,Treprostinil Sodium,Part B,146363899.33,1040,2368416,29277954.20,140734.52,61.80,28151.88,9119,,,,,,,436
2011,Remodulin,Treprostinil Sodium,Part B,154792442.91,1064,2507210,30970625.24,145481.62,61.74,29107.73,9277,,,,,,,437
2012,Remodulin,Treprostinil Sodium,Part B,158932408.59,1126,2575014,31794069.68,141147.79,61.72,28236.30,9625,,,,,,,438
2013,Remodulin,Treprostinil Sodium,Part B,164341548.23,1160,2691833,33245042.36,141673.75,61.05,28659.52,9781,,,,,,,439
2014,Remodulin,Treprostinil Sodium,Part B,165298156.47,1235,2720585,33582264.00,133844.66,60.76,27192.12,10395,,,,,,,440
2015,Remodulin,Treprostinil Sodium,Part B,173747866.26,1206,2862286,35321083.95,144069.54,60.70,29287.80,10555,,,,,,,441
2010,Revlimid,Lenalidomide,Part D,596556443.93,14670,1703090,53532051.79,40665.06,350.28,,80350,"4,204","10,466",908060.97,52623990.82,216.00,5028.09,442
2011,Revlimid,Lenalidomide,Part D,809102527.63,17844,2205662,49069914.21,45343.11,366.83,,104141,"5,008","12,836",772615.54,48297298.67,154.28,3762.64,443
2012,Revlimid,Lenalidomide,Part D,1017195339.30,20391,2612956,59667104.70,49884.52,389.29,,124546,"5,572","14,819",826135.25,58840969.45,148.27,3970.64,444
2013,Revlimid,Lenalidomide,Part D,1349964592.27,24637,3227606,70445320.95,54794.20,418.26,,153782,"6,019","18,618",869863.72,69575457.23,144.52,3737.00,445
2014,Revlimid,Lenalidomide,Part D,1671622656.69,27143,3707616,82121407.28,61585.77,450.86,,178377,"6,319","20,824",984710.56,81136696.72,155.83,3896.31,446
2015,Revlimid,Lenalidomide,Part D,2077425468.90,30453,4240330,100410639.39,68217.43,489.91,,204870,"6,905","23,548",1198520.89,99212118.50,173.57,4213.19,447
2010,Rituxan,Rituximab,Part B,1220640170.29,63685,2124795,240643052.09,19166.84,574.47,3778.65,268649,,,,,,,448
2011,Rituxan,Rituximab,Part B,1337280050.39,66269,2198512,262260191.14,20179.57,608.27,3957.51,275741,,,,,,,449
2012,Rituxan,Rituximab,Part B,1422574939.11,68394,2314226,276615611.21,20799.70,614.71,4044.44,277588,,,,,,,450
2013,Rituxan,Rituximab,Part B,1505622722.24,69958,2264630,292242339.62,21521.81,664.84,4177.40,279006,,,,,,,451
2014,Rituxan,Rituximab,Part B,1501312601.36,68708,2181624,290093486.20,21850.62,688.16,4222.12,267815,,,,,,,452
2015,Rituxan,Rituximab,Part B,1561299192.60,68556,2154726,299402108.41,22774.07,724.59,4367.26,261612,,,,,,,453
2010,Sandostatin LAR,Octreotide Acetate,Part B,199402524.71,8717,1825158,39692509.34,22875.13,109.25,4553.46,62233,,,,,,,454
2011,Sandostatin LAR,Octreotide Acetate,Part B,234803146.02,9336,2017851,46824924.09,25150.29,116.36,5015.52,70070,,,,,,,455
2012,Sandostatin LAR,Octreotide Acetate,Part B,275984353.31,9790,2240840,54778931.51,28190.43,123.16,5595.40,77085,,,,,,,456
2013,Sandostatin LAR,Octreotide Acetate,Part B,303563688.69,10144,2316230,60866329.06,29925.44,131.06,6000.23,79626,,,,,,,457
2014,Sandostatin LAR,Octreotide Acetate,Part B,341508778.97,10594,2627964,68599720.12,32236.06,129.95,6475.34,84936,,,,,,,458
2011,Sandostatin LAR; Sandostatin LAR Depot,"Octreotide Acetate,mi-Spheres",Part B,234803146.02,9336,2017851,46824924.09,25150.29,116.36,5015.52,70070,,,,,,,459
2012,Sandostatin LAR; Sandostatin LAR Depot,"Octreotide Acetate,mi-Spheres",Part B,275984353.31,9790,2240840,54778931.51,28190.43,123.16,5595.40,77085,,,,,,,460
2013,Sandostatin LAR; Sandostatin LAR Depot,"Octreotide Acetate,mi-Spheres",Part B,303563688.69,10144,2316230,60866329.06,29925.44,131.06,6000.23,79626,,,,,,,461
2014,Sandostatin LAR; Sandostatin LAR Depot,"Octreotide Acetate,mi-Spheres",Part B,341624403.74,10600,2628792,68624769.33,32228.72,129.95,6474.03,84966,,,,,,,462
2015,Sandostatin LAR; Sandostatin LAR Depot,"Octreotide Acetate,mi-Spheres",Part B,379845705.75,10902,2571801,76166102.69,34841.84,147.70,6986.43,87649,,,,,,,463
2010,Sovaldi,Sofosbuvir,Part D,0.00,0,0,0.00,0.00,0.00,,0,0,0,0.00,0.00,0.00,0.00,464
2011,Sovaldi,Sofosbuvir,Part D,0.00,0,0,0.00,0.00,0.00,,0,0,0,0.00,0.00,0.00,0.00,465
2012,Sovaldi,Sofosbuvir,Part D,0.00,0,0,0.00,0.00,0.00,,0,0,0,0.00,0.00,0.00,0.00,466
2013,Sovaldi,Sofosbuvir,Part D,14211999.52,482,14040,233476.65,29485.48,1012.25,,483,350,132,3112.21,230364.44,8.89,1745.19,467
2014,Sovaldi,Sofosbuvir,Part D,3106960980.51,33033,3055478,56680955.28,94056.28,1016.85,,109556,"22,110","10,923",1480354.99,55200600.29,66.95,5053.61,468
2015,Sovaldi,Sofosbuvir,Part D,1318386247.30,14764,1308523,23785379.85,89297.36,1007.54,,47123,"10,333","4,431",722914.26,23062465.59,69.96,5204.80,469
2010,Spiriva,Tiotropium Bromide,Part D,994004783.71,911594,155054278,148418384.87,1090.40,6.41,,4441166,"470,287","441,307",11380327.89,137038056.98,24.20,310.53,470
2011,Spiriva,Tiotropium Bromide,Part D,1288428958.85,981371,172360331,145129506.38,1312.89,7.48,,4815382,"503,224","478,147",12126353.38,133003153.00,24.10,278.16,471
2012,Spiriva,Tiotropium Bromide,Part D,1603177830.83,1065545,193071927,172623251.95,1504.56,8.30,,5275914,"541,391","524,154",12756343.65,159866908.30,23.56,305.00,472
2013,Spiriva,Tiotropium Bromide,Part D,1958581192.60,1181599,218663282,199284651.09,1657.57,8.96,,5735127,"565,309","616,290",13438447.93,185846203.16,23.77,301.56,473
2014,Spiriva,Tiotropium Bromide,Part D,2158439227.38,1212078,228994462,212320667.29,1780.78,9.43,,5852896,"583,594","628,484",13234911.62,199085755.67,22.68,316.77,474
2015,Spiriva,Tiotropium Bromide,Part D,2191465783.50,1142131,212238265,216050934.39,1918.75,10.33,,5446709,"558,325","583,806",12598809.69,203452124.70,22.57,348.49,475
2010,Tarceva,Erlotinib HCl,Part D,229616726.12,13791,1886182,31529601.98,16649.75,121.74,,57347,"5,130","8,661",584607.64,30944994.34,113.96,3572.91,476
2011,Tarceva,Erlotinib HCl,Part D,266465457.47,13754,2003161,21687517.72,19373.67,133.02,,60189,"5,006","8,748",411230.86,21276286.86,82.15,2432.13,477
2012,Tarceva,Erlotinib HCl,Part D,324749456.36,13428,2194305,23491627.72,24184.50,148.00,,64085,"4,827","8,601",385817.84,23105809.88,79.93,2686.41,478
2013,Tarceva,Erlotinib HCl,Part D,396670262.01,14237,2474190,25232827.00,27861.93,160.32,,71058,"4,591","9,646",418580.31,24814246.69,91.17,2572.49,479
2014,Tarceva,Erlotinib HCl,Part D,422596683.23,13317,2478963,25980536.43,31733.62,170.47,,69976,"3,984","9,333",387304.13,25593232.30,97.21,2742.23,480
2015,Tarceva,Erlotinib HCl,Part D,411749125.58,11369,2319935,24465502.34,36216.83,197.52,,64354,"3,321","8,048",400708.88,24064793.46,120.66,2990.16,481
2010,Targretin,Bexarotene,Part D,9971599.97,533,311776,971711.66,18708.44,31.98,,2733,184,349,20048.14,951663.52,108.96,2726.83,482
2011,Targretin,Bexarotene,Part D,12196786.68,569,350376,733040.27,21435.48,34.81,,2996,184,385,10830.44,722209.83,58.86,1875.87,483
2012,Targretin,Bexarotene,Part D,16901580.67,643,414624,953516.48,26285.51,40.76,,3541,198,445,4780.77,948735.71,24.15,2131.99,484
2013,Targretin,Bexarotene,Part D,29897513.31,743,456766,1337519.02,40238.91,65.45,,4053,204,539,17539.41,1319979.61,85.98,2448.94,485
2014,Targretin,Bexarotene,Part D,73523400.47,829,504793,2601777.12,88689.26,145.65,,4548,208,621,15034.15,2586742.97,72.28,4165.45,486
2010,Tecfidera,Dimethyl Fumarate,Part D,0.00,0,0,0.00,0.00,0.00,,0,0,0,0.00,0.00,0.00,0.00,487
2011,Tecfidera,Dimethyl Fumarate,Part D,0.00,0,0,0.00,0.00,0.00,,0,0,0,0.00,0.00,0.00,0.00,488
2012,Tecfidera,Dimethyl Fumarate,Part D,0.00,0,0,0.00,0.00,0.00,,0,0,0,0.00,0.00,0.00,0.00,489
2013,Tecfidera,Dimethyl Fumarate,Part D,159212765.98,8158,2083642,3266236.84,19516.15,76.41,,29704,"5,409","2,749",89686.67,3176550.17,16.58,1155.53,490
2014,Tecfidera,Dimethyl Fumarate,Part D,599047000.15,16068,7082069,18935158.08,37281.99,84.59,,100683,"9,385","6,683",650327.24,18284830.84,69.29,2736.02,491
2015,Tecfidera,Dimethyl Fumarate,Part D,875583351.73,18798,9387477,30907753.91,46578.54,93.27,,136426,"10,399","8,399",1049801.02,29857952.89,100.95,3554.94,492
2010,Thyrogen,Thyrotropin Alfa,Part B,10159773.57,5092,10327,2054172.54,1995.24,983.81,403.41,8108,,,,,,,493
2011,Thyrogen,Thyrotropin Alfa,Part B,7839143.10,3880,7829,1591102.20,2020.40,1001.30,410.08,6011,,,,,,,494
2012,Thyrogen,Thyrotropin Alfa,Part B,10313547.05,5152,10127,2077836.99,2001.85,1018.42,403.31,7958,,,,,,,495
2013,Thyrogen,Thyrotropin Alfa,Part B,11297678.14,5360,10667,2305814.63,2107.78,1059.12,430.19,8469,,,,,,,496
2014,Thyrogen,Thyrotropin Alfa,Part B,13680897.08,5324,10757,2793557.45,2569.67,1271.81,524.71,8476,,,,,,,497
2010,Tracleer,Bosentan,Part D,356761702.28,7173,3642964,22085618.55,49736.75,97.93,,60744,"3,289","3,884",516453.26,21569165.29,157.02,5553.34,498
2011,Tracleer,Bosentan,Part D,372630590.46,7214,3743374,16790788.45,51653.81,99.54,,62503,"3,221","3,993",378781.27,16412007.18,117.60,4110.19,499
2012,Tracleer,Bosentan,Part D,391310067.87,6988,3739216,17357464.36,55997.43,104.65,,62521,"2,994","3,994",370336.90,16987127.46,123.69,4253.16,500
2013,Tracleer,Bosentan,Part D,445282905.04,7100,3877674,17894302.97,62715.90,114.83,,64824,"2,837","4,263",343789.12,17550513.85,121.18,4116.94,501
2014,Tracleer,Bosentan,Part D,404254914.09,5765,3170382,15420303.27,70122.27,127.51,,53091,"2,278","3,487",341148.29,15079154.98,149.76,4324.39,502
2010,Treanda,Bendamustine HCl,Part B,177266613.28,8896,9593874,33944637.76,19926.55,18.48,3815.72,49140,,,,,,,503
2011,Treanda,Bendamustine HCl,Part B,222365403.42,11340,12032971,42601242.10,19608.94,18.48,3756.72,62956,,,,,,,504
2012,Treanda,Bendamustine HCl,Part B,268524278.54,13339,14021296,50883898.32,20130.77,19.15,3814.67,72785,,,,,,,505
2013,Treanda,Bendamustine HCl,Part B,316933177.88,14706,15455429,60035375.33,21551.28,20.51,4082.37,81297,,,,,,,506
2014,Treanda,Bendamustine HCl,Part B,303255151.23,13345,14262225,57257985.42,22724.25,21.26,4290.59,74810,,,,,,,507
2015,Treanda,Bendamustine HCl,Part B,309703958.82,12156,13306866,57872932.13,25477.46,23.27,4760.85,68390,,,,,,,508
2010,Truvada,Emtricitabine/Tenofovir,Part D,389392617.95,46423,11456298,10470674.80,8387.92,33.99,,374568,"40,315","6,108",1252723.10,9217951.70,31.07,1509.16,509
2011,Truvada,Emtricitabine/Tenofovir,Part D,477531851.84,51587,13125859,8217748.38,9256.83,36.38,,425868,"44,300","7,287",1169825.98,7047922.40,26.41,967.19,510
2012,Truvada,Emtricitabine/Tenofovir,Part D,573253125.40,55241,14414838,7649754.69,10377.31,39.77,,464311,"46,909","8,332",1071806.32,6577948.37,22.85,789.48,511
2013,Truvada,Emtricitabine/Tenofovir,Part D,621051368.06,57263,14921770,8292493.46,10845.60,41.62,,488245,"47,667","9,596",1069038.70,7223454.76,22.43,752.76,512
2014,Truvada,Emtricitabine/Tenofovir,Part D,665461659.29,58350,15309710,8576526.66,11404.66,43.47,,495383,"47,917","10,433",1049587.86,7526938.80,21.90,721.45,513
2015,Truvada,Emtricitabine/Tenofovir,Part D,687356000.71,58367,15127662,9601185.44,11776.45,45.44,,491454,"47,256","11,111",1003374.47,8597810.97,21.23,773.81,514
2010,Tysabri,Natalizumab,Part B,123709476.02,6228,14650479,24772770.23,19863.44,8.44,3977.64,48725,,,,,,,515
2011,Tysabri,Natalizumab,Part B,168635618.12,7049,16435051,33825883.53,23923.34,10.26,4798.68,54702,,,,,,,516
2012,Tysabri,Natalizumab,Part B,203043011.19,7779,18208952,40676715.39,26101.43,11.15,5229.04,60419,,,,,,,517
2013,Tysabri,Natalizumab,Part B,229994021.62,7987,18477973,46664172.11,28796.05,12.45,5842.52,61277,,,,,,,518
2014,Tysabri,Natalizumab,Part B,256002009.46,7302,18094113,52163007.37,35059.16,14.15,7143.66,59972,,,,,,,519
2015,Tysabri,Natalizumab,Part B,288824658.23,7263,18393903,58811901.34,39766.58,15.70,8097.47,61043,,,,,,,520
2010,Tyvaso,Treprostinil; Treprostinil/Neb Accessories; Treprostinil/Nebulizer/Accesor,Part B,0.00,0,0,0.00,0.00,0.00,0.00,0,,,,,,,521
2011,Tyvaso,Treprostinil; Treprostinil/Neb Accessories; Treprostinil/Nebulizer/Accesor,Part B,95459843.27,1233,233295,19095013.92,77420.80,409.18,15486.63,8344,,,,,,,522
2012,Tyvaso,Treprostinil; Treprostinil/Neb Accessories; Treprostinil/Nebulizer/Accesor,Part B,128396729.03,1464,303457,25697936.96,87702.68,423.11,17553.24,10846,,,,,,,523
2013,Tyvaso,Treprostinil; Treprostinil/Neb Accessories; Treprostinil/Nebulizer/Accesor,Part B,170948496.14,1796,384501,34655186.82,95182.90,444.60,19295.76,13796,,,,,,,524
2014,Tyvaso,Treprostinil; Treprostinil/Neb Accessories; Treprostinil/Nebulizer/Accesor,Part B,204903497.51,2059,441354,41675049.41,99516.03,464.26,20240.43,15941,,,,,,,525
2015,Tyvaso,Treprostinil; Treprostinil/Neb Accessories; Treprostinil/Nebulizer/Accesor,Part B,210033750.41,1954,431531,42721295.47,107489.13,486.72,21863.51,15549,,,,,,,526
2010,Ursodiol,Ursodiol,Part D,33664926.76,51564,27604580,3858459.17,652.88,1.22,,277017,"22,195","29,369",201851.00,3656608.17,9.09,124.51,527
2011,Ursodiol,Ursodiol,Part D,36332803.48,55465,30185942,4288848.29,655.06,1.20,,294304,"23,163","32,302",224746.22,4064102.07,9.70,125.82,528
2012,Ursodiol,Ursodiol,Part D,38009024.94,60236,33517241,5126338.52,631.00,1.13,,315420,"24,275","35,961",223770.78,4902567.74,9.22,136.33,529
2013,Ursodiol,Ursodiol,Part D,39844078.43,68403,38693647,6604395.84,582.49,1.03,,353523,"25,223","43,180",241079.92,6363315.92,9.56,147.37,530
2014,Ursodiol,Ursodiol,Part D,79888946.03,71896,39563065,9852558.44,1111.17,2.02,,370376,"25,975","45,921",281326.20,9571232.24,10.83,208.43,531
2010,Velcade,Bortezomib,Part B,275369339.55,14944,7152869,55120639.37,18426.75,38.50,3688.48,194511,,,,,,,532
2011,Velcade,Bortezomib,Part B,338466636.65,17279,8306039,67772233.75,19588.32,40.75,3922.23,225513,,,,,,,533
2012,Velcade,Bortezomib,Part B,420160564.89,19812,9853491,84095485.50,21207.38,42.64,4244.67,262985,,,,,,,534
2013,Velcade,Bortezomib,Part B,450366022.40,20316,10208787,91287998.24,22168.05,44.12,4493.40,269868,,,,,,,535
2014,Velcade,Bortezomib,Part B,471660024.32,20371,10474963,95965518.95,23153.50,45.03,4710.89,272954,,,,,,,536
2015,Velcade,Bortezomib,Part B,505294176.57,21029,11022674,102914115.12,24028.45,45.84,4893.91,285209,,,,,,,537
2010,Vimovo,Naproxen/Esomeprazole Mag,Part D,104626.93,1002,67680,30434.69,104.42,1.55,,1215,568,434,2566.24,27868.45,4.52,64.21,538
2011,Vimovo,Naproxen/Esomeprazole Mag,Part D,3201526.74,18464,1977356,756113.77,173.39,1.62,,34216,"9,966","8,498",79397.71,676716.06,7.97,79.63,539
2012,Vimovo,Naproxen/Esomeprazole Mag,Part D,6642823.10,23014,3865420,1467473.92,288.64,1.72,,63917,"11,122","11,892",136499.52,1330974.40,12.27,111.92,540
2013,Vimovo,Naproxen/Esomeprazole Mag,Part D,7283008.31,19769,3757060,1692952.59,368.41,1.94,,58975,"7,902","11,867",113327.82,1579624.77,14.34,133.11,541
2014,Vimovo,Naproxen/Esomeprazole Mag,Part D,38879753.75,21291,3119158,1816591.56,1826.11,12.46,,48972,"8,836","12,455",98875.68,1717715.88,11.19,137.91,542
2011,Wellbutrin Xl,Bupropion HCl,Part D,11519267.98,6630,1563025,1270146.21,1737.45,7.60,,33149,"3,774","2,856",80094.11,1190052.10,21.22,416.68,543
2012,Wellbutrin Xl,Bupropion HCl,Part D,12964285.47,5926,1598713,1533920.37,2187.70,8.37,,32189,"2,839","3,087",72103.40,1461816.97,25.40,473.54,544
2013,Wellbutrin Xl,Bupropion HCl,Part D,17706791.46,6298,1818278,1953279.57,2811.49,10.05,,35214,"2,557","3,741",70207.65,1883071.92,27.46,503.36,545
2014,Wellbutrin Xl,Bupropion HCl,Part D,30103951.63,6726,1846300,2228885.26,4475.76,16.84,,34825,"2,870","3,856",60592.99,2168292.27,21.11,562.32,546
2015,Wellbutrin Xl,Bupropion HCl,Part D,55167291.59,5336,1616829,2033863.36,10338.70,35.19,,29875,"2,397","2,939",41030.82,1992832.54,17.12,678.06,547
2011,Xarelto,Rivaroxaban,Part D,1293081.32,8009,173746,410124.45,161.45,7.44,,8588,"1,832","6,177",9505.49,400618.96,5.19,64.86,548
2012,Xarelto,Rivaroxaban,Part D,99379339.12,147731,12773281,20079985.40,672.70,7.79,,388029,"37,933","109,798",552264.01,19527721.39,14.56,177.85,549
2013,Xarelto,Rivaroxaban,Part D,519299965.55,416621,60018633,82286013.11,1246.46,8.66,,1705382,"113,707","302,914",2407672.35,79878340.76,21.17,263.70,550
2014,Xarelto,Rivaroxaban,Part D,1090914810.10,650492,114363301,153850383.15,1677.06,9.54,,3162749,"183,438","467,054",4440035.46,149410347.69,24.20,319.90,551
2015,Xarelto,Rivaroxaban,Part D,1524438226.70,727763,142373189,205277440.27,2094.69,10.71,,3831489,"209,585","518,178",5621390.73,199656049.54,26.82,385.30,552
2010,Xolair,Omalizumab,Part B,104870679.20,7123,5380069,21112384.34,14722.82,19.49,2963.97,77578,,,,,,,553
2011,Xolair,Omalizumab,Part B,126440591.42,7986,6057220,25464222.87,15832.78,20.87,3188.61,87775,,,,,,,554
2012,Xolair,Omalizumab,Part B,150647721.50,8650,6723978,30263311.96,17415.92,22.40,3498.65,97351,,,,,,,555
2013,Xolair,Omalizumab,Part B,177084921.89,9451,7349730,36023943.79,18737.16,24.09,3811.65,106547,,,,,,,556
2014,Xolair,Omalizumab,Part B,220125530.69,11463,8432875,44902840.91,19203.13,26.10,3917.20,122625,,,,,,,557
2015,Xolair,Omalizumab,Part B,272631822.78,13302,9656836,55584140.71,20495.55,28.23,4178.63,141484,,,,,,,558
2010,Xtandi,Enzalutamide,Part D,0.00,0,0,0.00,0.00,0.00,,0,0,0,0.00,0.00,0.00,0.00,559
2011,Xtandi,Enzalutamide,Part D,0.00,0,0,0.00,0.00,0.00,,0,0,0,0.00,0.00,0.00,0.00,560
2012,Xtandi,Enzalutamide,Part D,34898755.93,2143,547731,2359870.77,16285.00,63.72,,4519,429,"1,714",18735.24,2341135.53,43.67,1365.89,561
2013,Xtandi,Enzalutamide,Part D,231503731.19,7329,3569568,13276790.11,31587.36,64.85,,29572,"1,496","5,833",147527.91,13129262.20,98.61,2250.86,562
2014,Xtandi,Enzalutamide,Part D,447311084.46,11800,6444098,24567059.52,37907.72,69.41,,53980,"2,291","9,509",266473.87,24300585.65,116.31,2555.54,563
2015,Xtandi,Enzalutamide,Part D,790655731.47,16912,10693617,42475394.90,46751.17,73.94,,90115,"3,319","13,593",593477.94,41881916.96,178.81,3081.14,564
2010,Yervoy,Ipilimumab,Part B,0.00,0,0,0.00,0.00,0.00,0.00,0,,,,,,,565
2011,Yervoy,Ipilimumab,Part B,0.00,0,0,0.00,0.00,0.00,0.00,0,,,,,,,566
2012,Yervoy,Ipilimumab,Part B,193989380.23,2101,1551476,20707885.01,92331.93,125.04,9856.20,6126,,,,,,,567
2013,Yervoy,Ipilimumab,Part B,216642082.82,2349,1730977,22259232.46,92227.37,125.16,9476.05,6701,,,,,,,568
2014,Yervoy,Ipilimumab,Part B,265378988.15,2881,2059976,27560982.18,92113.50,128.83,9566.46,8026,,,,,,,569
2015,Yervoy,Ipilimumab,Part B,217123681.69,2340,1628713,22027616.51,92787.90,133.31,9413.51,6326,,,,,,,570
2010,Zytiga,Abiraterone Acetate,Part D,0.00,0,0,0.00,0.00,0.00,,0,0,0,0.00,0.00,0.00,0.00,571
2011,Zytiga,Abiraterone Acetate,Part D,71009409.20,3936,1648304,6346405.33,18041.01,43.08,,13477,987,"2,949",50177.15,6296228.18,50.84,2135.04,572
2012,Zytiga,Abiraterone Acetate,Part D,224260182.87,8357,4594078,16650258.05,26835.01,48.82,,37934,"2,105","6,252",216616.82,16433641.23,102.91,2628.54,573
2013,Zytiga,Abiraterone Acetate,Part D,469661711.96,14191,8630869,27858755.39,33095.74,54.42,,71423,"3,327","10,864",312215.67,27546539.72,93.84,2535.58,574
2014,Zytiga,Abiraterone Acetate,Part D,707097864.76,17044,11836159,41003957.93,41486.61,59.74,,98469,"3,585","13,459",472187.38,40531770.55,131.71,3011.50,575
2015,Zytiga,Abiraterone Acetate,Part D,790049711.10,16965,12022089,44876300.01,46569.39,65.72,,100376,"3,541","13,424",579011.31,44297288.70,163.52,3299.86,576
